SET SQL_MODE = "NO_AUTO_VALUE_ON_ZERO";

/*!40101 SET @OLD_CHARACTER_SET_CLIENT=@@CHARACTER_SET_CLIENT */;
/*!40101 SET @OLD_CHARACTER_SET_RESULTS=@@CHARACTER_SET_RESULTS */;
/*!40101 SET @OLD_COLLATION_CONNECTION=@@COLLATION_CONNECTION */;
/*!40101 SET NAMES utf8mb4 */;


INSERT INTO `exercises` (`id`, `name`, `separate_load`, `description`, `image`) VALUES('e761b03a-9b5e-11ee-a437-05367cd0bed5', 'ściąganie drążka za głowe', 0, 'opis', 'phpwRqWcb-6596d6f8ec959.jpg');
INSERT INTO `exercises` (`id`, `name`, `separate_load`, `description`, `image`) VALUES('7952d1ea-9b5f-11ee-8ade-1d9a94065d46', 'ściąganie drążka do brzucha', 0, 'opis', 'phpwEJuzq-6596d7084ea72.jpg');
INSERT INTO `exercises` (`id`, `name`, `separate_load`, `description`, `image`) VALUES('216b76b6-9b8d-11ee-a308-83ca01ad40aa', 'izolowane motylki', 0, 'opis', 'phpILRmQV-6596d74c5f17b.jpg');
INSERT INTO `exercises` (`id`, `name`, `separate_load`, `description`, `image`) VALUES('2ca2000e-9b8d-11ee-9cf9-b9775c3921ff', 'ściąganie drążka', 0, 'opis', 'phpDOUvpC-6596d6ef0611a.jpg');
INSERT INTO `exercises` (`id`, `name`, `separate_load`, `description`, `image`) VALUES('8af11920-9de4-11ee-85da-0bab4c113dcc', 'wyciskanie sztangi leżąc', 0, 'opis', 'phpzzUlTk-6596d77ba43e9.jpg');
INSERT INTO `exercises` (`id`, `name`, `separate_load`, `description`, `image`) VALUES('92670ffe-9de7-11ee-9022-b762c7da12be', 'izolowany biceps', 0, 'opis', 'php4McoI9-6596d756c61ae.jpg');
INSERT INTO `exercises` (`id`, `name`, `separate_load`, `description`, `image`) VALUES('a4fa1c60-9de7-11ee-b982-5b815effbe97', 'izolowana klata', 0, 'opis', 'phphiyDl4-6596d764c5246.jpg');
INSERT INTO `exercises` (`id`, `name`, `separate_load`, `description`, `image`) VALUES('d60f9604-9de7-11ee-a8b4-77f661ff2acb', 'podnoszenie hantli naprzemiennie', 1, 'opis', 'phpnE49Jy-6596d788ece0f.jpg');
INSERT INTO `exercises` (`id`, `name`, `separate_load`, `description`, `image`) VALUES('54503228-a4d0-11ee-9da9-77b42c93b1ee', 'wyciskanie sztangi leżąc w skosie dodatnim', 0, 'opis', 'phpi0fGg3-6596d7340d16b.jpg');
INSERT INTO `exercises` (`id`, `name`, `separate_load`, `description`, `image`) VALUES('9b8fec9a-a4d1-11ee-bc57-e72730d1cb37', 'wznosy hantli bokiem stojąc', 1, 'opis', 'phpmM6FWG-6596d6d4caff2.jpg');
INSERT INTO `exercises` (`id`, `name`, `separate_load`, `description`, `image`) VALUES('e42d7d0e-a4d2-11ee-af45-310ba2895293', 'rozpiętki na bramie wyciąg górny', 1, 'opis', 'phpvu1Kni-6596d727f1ed8.jpg');
INSERT INTO `exercises` (`id`, `name`, `separate_load`, `description`, `image`) VALUES('c3e062a4-a4d3-11ee-b7a8-d11a520ca2e5', 'OHP', 0, 'opis', 'phpbAQOmh-6596d61b86d1f.jpg');
INSERT INTO `exercises` (`id`, `name`, `separate_load`, `description`, `image`) VALUES('191c3f68-a4d4-11ee-816e-118f073d938b', 'rozpiętki leżąc', 1, 'opis', 'phpVwJGS9-65842e2d072d7.jpg');
INSERT INTO `exercises` (`id`, `name`, `separate_load`, `description`, `image`) VALUES('bda51fbe-a4d4-11ee-b278-53066c4d9950', 'odwodzenie ramion na wyciągu górnym', 1, 'opis', 'phpY8QFLS-6596d69264c38.jpg');
INSERT INTO `exercises` (`id`, `name`, `separate_load`, `description`, `image`) VALUES('27c59bce-aaf9-11ee-b3ed-cbb254a0e17e', 'ściąganie drążka przed głowę', 0, 'opis', 'php6vDnwI-65969e5e7702f.jpg');
INSERT INTO `exercises` (`id`, `name`, `separate_load`, `description`, `image`) VALUES('9cc87344-aaf7-11ee-998b-7faee6a33217', 'zginanie przedramion z gryfem łamanym', 0, 'opis', 'phpCkuwsV-65969bc7bfcd3.jpg');
INSERT INTO `exercises` (`id`, `name`, `separate_load`, `description`, `image`) VALUES('d2002b66-ab50-11ee-a1e1-2f8b46e6095a', 'izolowany triceps', 0, 'opis', 'phpSv2akG-659731724b5e4.jpg');
INSERT INTO `exercises` (`id`, `name`, `separate_load`, `description`, `image`) VALUES('64efd09e-abc3-11ee-809c-b355424b4c1e', 'ściąganie linki, wyciąg boczny', 0, 'Opis', 'phphKulTR-6597f1ab6aad6.jpg');

INSERT INTO `exercises_to_stations` (`exercise_id`, `station_id`) VALUES('191c3f68-a4d4-11ee-816e-118f073d938b', 'abd90d32-9de4-11ee-8b09-511a5eec1e52');
INSERT INTO `exercises_to_stations` (`exercise_id`, `station_id`) VALUES('216b76b6-9b8d-11ee-a308-83ca01ad40aa', 'abe80dfe-9b8d-11ee-ba01-8f757749c5a1');
INSERT INTO `exercises_to_stations` (`exercise_id`, `station_id`) VALUES('27c59bce-aaf9-11ee-b3ed-cbb254a0e17e', '3aafa694-aaf9-11ee-bcf3-df73fcdd4f2c');
INSERT INTO `exercises_to_stations` (`exercise_id`, `station_id`) VALUES('27c59bce-aaf9-11ee-b3ed-cbb254a0e17e', 'bce0ef00-ab04-11ee-ae89-47d708fdefcc');
INSERT INTO `exercises_to_stations` (`exercise_id`, `station_id`) VALUES('2ca2000e-9b8d-11ee-9cf9-b9775c3921ff', '9a3e2728-9ffc-11ee-bc3c-3b35ab9531c9');
INSERT INTO `exercises_to_stations` (`exercise_id`, `station_id`) VALUES('2ca2000e-9b8d-11ee-9cf9-b9775c3921ff', 'b31936f8-9b5f-11ee-8fe4-7b7e7fdd861d');
INSERT INTO `exercises_to_stations` (`exercise_id`, `station_id`) VALUES('54503228-a4d0-11ee-9da9-77b42c93b1ee', 'abd90d32-9de4-11ee-8b09-511a5eec1e52');
INSERT INTO `exercises_to_stations` (`exercise_id`, `station_id`) VALUES('64efd09e-abc3-11ee-809c-b355424b4c1e', 'b31936f8-9b5f-11ee-8fe4-7b7e7fdd861d');
INSERT INTO `exercises_to_stations` (`exercise_id`, `station_id`) VALUES('7952d1ea-9b5f-11ee-8ade-1d9a94065d46', '2ccca224-ab04-11ee-b578-eb6019344fbc');
INSERT INTO `exercises_to_stations` (`exercise_id`, `station_id`) VALUES('7952d1ea-9b5f-11ee-8ade-1d9a94065d46', '4da2479e-aaf8-11ee-97f8-3b8b0bc07984');
INSERT INTO `exercises_to_stations` (`exercise_id`, `station_id`) VALUES('7952d1ea-9b5f-11ee-8ade-1d9a94065d46', 'b31936f8-9b5f-11ee-8fe4-7b7e7fdd861d');
INSERT INTO `exercises_to_stations` (`exercise_id`, `station_id`) VALUES('8af11920-9de4-11ee-85da-0bab4c113dcc', 'abd90d32-9de4-11ee-8b09-511a5eec1e52');
INSERT INTO `exercises_to_stations` (`exercise_id`, `station_id`) VALUES('92670ffe-9de7-11ee-9022-b762c7da12be', '1ed2bb9e-9ff7-11ee-b157-23d19de5cb14');
INSERT INTO `exercises_to_stations` (`exercise_id`, `station_id`) VALUES('92670ffe-9de7-11ee-9022-b762c7da12be', 'fe92b19c-9ec3-11ee-96c6-9bce682dd956');
INSERT INTO `exercises_to_stations` (`exercise_id`, `station_id`) VALUES('9b8fec9a-a4d1-11ee-bc57-e72730d1cb37', '4997760a-9ec4-11ee-b7b5-cd38ba046b07');
INSERT INTO `exercises_to_stations` (`exercise_id`, `station_id`) VALUES('9cc87344-aaf7-11ee-998b-7faee6a33217', 'c4e3c522-aaf7-11ee-b055-5160e55a4275');
INSERT INTO `exercises_to_stations` (`exercise_id`, `station_id`) VALUES('a4fa1c60-9de7-11ee-b982-5b815effbe97', '64bb4ae6-9ff6-11ee-afbe-45619fe4d5f9');
INSERT INTO `exercises_to_stations` (`exercise_id`, `station_id`) VALUES('a4fa1c60-9de7-11ee-b982-5b815effbe97', '8df3d90e-ab05-11ee-8fe0-3732bbf2c05f');
INSERT INTO `exercises_to_stations` (`exercise_id`, `station_id`) VALUES('a4fa1c60-9de7-11ee-b982-5b815effbe97', 'cf7d03c8-ab05-11ee-ba64-2f96dbd87009');
INSERT INTO `exercises_to_stations` (`exercise_id`, `station_id`) VALUES('bda51fbe-a4d4-11ee-b278-53066c4d9950', '233bd164-a4d6-11ee-90e2-0b5c482d1504');
INSERT INTO `exercises_to_stations` (`exercise_id`, `station_id`) VALUES('c3e062a4-a4d3-11ee-b7a8-d11a520ca2e5', 'cf63f0b4-a4d3-11ee-b8df-277a1b0551e6');
INSERT INTO `exercises_to_stations` (`exercise_id`, `station_id`) VALUES('d2002b66-ab50-11ee-a1e1-2f8b46e6095a', 'a836f7da-ab03-11ee-8b12-2320709c76db');
INSERT INTO `exercises_to_stations` (`exercise_id`, `station_id`) VALUES('d60f9604-9de7-11ee-a8b4-77f661ff2acb', '4997760a-9ec4-11ee-b7b5-cd38ba046b07');
INSERT INTO `exercises_to_stations` (`exercise_id`, `station_id`) VALUES('e42d7d0e-a4d2-11ee-af45-310ba2895293', '9a3e2728-9ffc-11ee-bc3c-3b35ab9531c9');
INSERT INTO `exercises_to_stations` (`exercise_id`, `station_id`) VALUES('e42d7d0e-a4d2-11ee-af45-310ba2895293', 'b31936f8-9b5f-11ee-8fe4-7b7e7fdd861d');
INSERT INTO `exercises_to_stations` (`exercise_id`, `station_id`) VALUES('e761b03a-9b5e-11ee-a437-05367cd0bed5', '7750aef6-a043-11ee-95f1-670af966b90f');
INSERT INTO `exercises_to_stations` (`exercise_id`, `station_id`) VALUES('e761b03a-9b5e-11ee-a437-05367cd0bed5', '93794520-a043-11ee-b80d-f50ada1b166a');
INSERT INTO `exercises_to_stations` (`exercise_id`, `station_id`) VALUES('e761b03a-9b5e-11ee-a437-05367cd0bed5', 'ab071fc8-a41c-11ee-a041-a93d7e98eae8');
INSERT INTO `exercises_to_stations` (`exercise_id`, `station_id`) VALUES('e761b03a-9b5e-11ee-a437-05367cd0bed5', 'b31936f8-9b5f-11ee-8fe4-7b7e7fdd861d');
INSERT INTO `exercises_to_stations` (`exercise_id`, `station_id`) VALUES('e761b03a-9b5e-11ee-a437-05367cd0bed5', 'b36389f6-9ffb-11ee-b3ee-5bf4c49b2129');
INSERT INTO `exercises_to_stations` (`exercise_id`, `station_id`) VALUES('e761b03a-9b5e-11ee-a437-05367cd0bed5', 'c7a7c23a-a044-11ee-8a06-192f876d4041');

INSERT INTO `lifted_weights` (`id`, `training_id`, `station_id`, `exercise_id`, `repetition_count`, `kilogram_count`, `created_at`) VALUES('658183b4-9f0b-11ee-a8f9-a78fc2c6238b', '3e351e42-9b64-11ee-a81c-4510a52a6dea', 'b31936f8-9b5f-11ee-8fe4-7b7e7fdd861d', '7952d1ea-9b5f-11ee-8ade-1d9a94065d46', 12, 27, '2023-12-20 18:42:59');
INSERT INTO `lifted_weights` (`id`, `training_id`, `station_id`, `exercise_id`, `repetition_count`, `kilogram_count`, `created_at`) VALUES('ad0814b4-9f0b-11ee-91c4-4b6bf54a4b24', '3e351e42-9b64-11ee-a81c-4510a52a6dea', 'b31936f8-9b5f-11ee-8fe4-7b7e7fdd861d', '7952d1ea-9b5f-11ee-8ade-1d9a94065d46', 12, 27, '2023-12-20 18:44:59');
INSERT INTO `lifted_weights` (`id`, `training_id`, `station_id`, `exercise_id`, `repetition_count`, `kilogram_count`, `created_at`) VALUES('0a5a120c-9f0c-11ee-80f1-6b699365a233', '3e351e42-9b64-11ee-a81c-4510a52a6dea', 'b31936f8-9b5f-11ee-8fe4-7b7e7fdd861d', '7952d1ea-9b5f-11ee-8ade-1d9a94065d46', 12, 27, '2023-12-20 18:47:35');
INSERT INTO `lifted_weights` (`id`, `training_id`, `station_id`, `exercise_id`, `repetition_count`, `kilogram_count`, `created_at`) VALUES('7f85e63c-9f0c-11ee-a534-d1d2addb05d0', '3e351e42-9b64-11ee-a81c-4510a52a6dea', 'b31936f8-9b5f-11ee-8fe4-7b7e7fdd861d', '7952d1ea-9b5f-11ee-8ade-1d9a94065d46', 12, 27, '2023-12-20 18:50:52');
INSERT INTO `lifted_weights` (`id`, `training_id`, `station_id`, `exercise_id`, `repetition_count`, `kilogram_count`, `created_at`) VALUES('cbe37710-9f0c-11ee-aabf-f7eb3ea7e3ae', '3e351e42-9b64-11ee-a81c-4510a52a6dea', 'b31936f8-9b5f-11ee-8fe4-7b7e7fdd861d', 'e761b03a-9b5e-11ee-a437-05367cd0bed5', 12, 27, '2023-12-20 18:53:00');
INSERT INTO `lifted_weights` (`id`, `training_id`, `station_id`, `exercise_id`, `repetition_count`, `kilogram_count`, `created_at`) VALUES('14102ac4-9f0d-11ee-9ad5-7fa56275a82d', '3e351e42-9b64-11ee-a81c-4510a52a6dea', 'b31936f8-9b5f-11ee-8fe4-7b7e7fdd861d', 'e761b03a-9b5e-11ee-a437-05367cd0bed5', 12, 27, '2023-12-20 18:55:01');
INSERT INTO `lifted_weights` (`id`, `training_id`, `station_id`, `exercise_id`, `repetition_count`, `kilogram_count`, `created_at`) VALUES('7ffb4ade-9f0d-11ee-b533-85d722415a7b', '3e351e42-9b64-11ee-a81c-4510a52a6dea', 'b31936f8-9b5f-11ee-8fe4-7b7e7fdd861d', 'e761b03a-9b5e-11ee-a437-05367cd0bed5', 12, 27, '2023-12-20 18:58:02');
INSERT INTO `lifted_weights` (`id`, `training_id`, `station_id`, `exercise_id`, `repetition_count`, `kilogram_count`, `created_at`) VALUES('0d86f7ae-9f0e-11ee-abae-797914556121', '3e351e42-9b64-11ee-a81c-4510a52a6dea', 'b31936f8-9b5f-11ee-8fe4-7b7e7fdd861d', 'e761b03a-9b5e-11ee-a437-05367cd0bed5', 12, 27, '2023-12-20 19:02:00');
INSERT INTO `lifted_weights` (`id`, `training_id`, `station_id`, `exercise_id`, `repetition_count`, `kilogram_count`, `created_at`) VALUES('acdf8992-9f0e-11ee-be85-4fe9ec262db0', '3e351e42-9b64-11ee-a81c-4510a52a6dea', '4997760a-9ec4-11ee-b7b5-cd38ba046b07', 'd60f9604-9de7-11ee-a8b4-77f661ff2acb', 12, 10, '2023-12-20 19:06:27');
INSERT INTO `lifted_weights` (`id`, `training_id`, `station_id`, `exercise_id`, `repetition_count`, `kilogram_count`, `created_at`) VALUES('0d984184-9f0f-11ee-b5e4-e33016157a5d', '3e351e42-9b64-11ee-a81c-4510a52a6dea', '4997760a-9ec4-11ee-b7b5-cd38ba046b07', 'd60f9604-9de7-11ee-a8b4-77f661ff2acb', 12, 10, '2023-12-20 19:09:09');
INSERT INTO `lifted_weights` (`id`, `training_id`, `station_id`, `exercise_id`, `repetition_count`, `kilogram_count`, `created_at`) VALUES('ad85c432-9f0f-11ee-a310-1d5ab124c3d4', '3e351e42-9b64-11ee-a81c-4510a52a6dea', '4997760a-9ec4-11ee-b7b5-cd38ba046b07', 'd60f9604-9de7-11ee-a8b4-77f661ff2acb', 12, 10, '2023-12-20 19:13:37');
INSERT INTO `lifted_weights` (`id`, `training_id`, `station_id`, `exercise_id`, `repetition_count`, `kilogram_count`, `created_at`) VALUES('6d7bc7c8-9f10-11ee-9b16-7d0d4ee4eda8', '3e351e42-9b64-11ee-a81c-4510a52a6dea', '4997760a-9ec4-11ee-b7b5-cd38ba046b07', 'd60f9604-9de7-11ee-a8b4-77f661ff2acb', 12, 10, '2023-12-20 19:19:00');
INSERT INTO `lifted_weights` (`id`, `training_id`, `station_id`, `exercise_id`, `repetition_count`, `kilogram_count`, `created_at`) VALUES('05ac2844-9f11-11ee-a926-b74e468b359d', '3e351e42-9b64-11ee-a81c-4510a52a6dea', '1ed2bb9e-9ff7-11ee-b157-23d19de5cb14', '92670ffe-9de7-11ee-9022-b762c7da12be', 12, 29, '2023-12-20 19:23:15');
INSERT INTO `lifted_weights` (`id`, `training_id`, `station_id`, `exercise_id`, `repetition_count`, `kilogram_count`, `created_at`) VALUES('54075c7a-9f11-11ee-be37-ad3495245b76', '3e351e42-9b64-11ee-a81c-4510a52a6dea', '1ed2bb9e-9ff7-11ee-b157-23d19de5cb14', '92670ffe-9de7-11ee-9022-b762c7da12be', 12, 29, '2023-12-20 19:25:26');
INSERT INTO `lifted_weights` (`id`, `training_id`, `station_id`, `exercise_id`, `repetition_count`, `kilogram_count`, `created_at`) VALUES('f154ba0e-9f11-11ee-9e58-09dbca7dabb0', '3e351e42-9b64-11ee-a81c-4510a52a6dea', '1ed2bb9e-9ff7-11ee-b157-23d19de5cb14', '92670ffe-9de7-11ee-9022-b762c7da12be', 12, 29, '2023-12-20 19:29:50');
INSERT INTO `lifted_weights` (`id`, `training_id`, `station_id`, `exercise_id`, `repetition_count`, `kilogram_count`, `created_at`) VALUES('7b6e44d0-9f12-11ee-a735-b17b3b32d79d', '3e351e42-9b64-11ee-a81c-4510a52a6dea', '1ed2bb9e-9ff7-11ee-b157-23d19de5cb14', '92670ffe-9de7-11ee-9022-b762c7da12be', 12, 29, '2023-12-20 19:33:42');
INSERT INTO `lifted_weights` (`id`, `training_id`, `station_id`, `exercise_id`, `repetition_count`, `kilogram_count`, `created_at`) VALUES('4bb5c660-9ff7-11ee-9eb0-cd9a3c32133c', 'dedc9976-9ff4-11ee-b8e0-d91f7b3a0004', 'b31936f8-9b5f-11ee-8fe4-7b7e7fdd861d', '7952d1ea-9b5f-11ee-8ade-1d9a94065d46', 12, 23, '2023-12-21 18:51:37');
INSERT INTO `lifted_weights` (`id`, `training_id`, `station_id`, `exercise_id`, `repetition_count`, `kilogram_count`, `created_at`) VALUES('4c87ca34-9ff7-11ee-998e-c7e1599f9cf3', 'dedc9976-9ff4-11ee-b8e0-d91f7b3a0004', 'b31936f8-9b5f-11ee-8fe4-7b7e7fdd861d', '7952d1ea-9b5f-11ee-8ade-1d9a94065d46', 12, 23, '2023-12-21 18:51:38');
INSERT INTO `lifted_weights` (`id`, `training_id`, `station_id`, `exercise_id`, `repetition_count`, `kilogram_count`, `created_at`) VALUES('4d57020e-9ff7-11ee-a43b-6f7eb1e70ab0', 'dedc9976-9ff4-11ee-b8e0-d91f7b3a0004', 'b31936f8-9b5f-11ee-8fe4-7b7e7fdd861d', '7952d1ea-9b5f-11ee-8ade-1d9a94065d46', 12, 23, '2023-12-21 18:51:39');
INSERT INTO `lifted_weights` (`id`, `training_id`, `station_id`, `exercise_id`, `repetition_count`, `kilogram_count`, `created_at`) VALUES('4e2348aa-9ff7-11ee-b177-831210151b5d', 'dedc9976-9ff4-11ee-b8e0-d91f7b3a0004', 'b31936f8-9b5f-11ee-8fe4-7b7e7fdd861d', '7952d1ea-9b5f-11ee-8ade-1d9a94065d46', 12, 23, '2023-12-21 18:51:41');
INSERT INTO `lifted_weights` (`id`, `training_id`, `station_id`, `exercise_id`, `repetition_count`, `kilogram_count`, `created_at`) VALUES('655819d8-9ff7-11ee-bd2e-256f49e3fbfd', 'dedc9976-9ff4-11ee-b8e0-d91f7b3a0004', 'b31936f8-9b5f-11ee-8fe4-7b7e7fdd861d', '2ca2000e-9b8d-11ee-9cf9-b9775c3921ff', 12, 23, '2023-12-21 18:52:20');
INSERT INTO `lifted_weights` (`id`, `training_id`, `station_id`, `exercise_id`, `repetition_count`, `kilogram_count`, `created_at`) VALUES('65dd3776-9ff7-11ee-b62a-f90659725cd7', 'dedc9976-9ff4-11ee-b8e0-d91f7b3a0004', 'b31936f8-9b5f-11ee-8fe4-7b7e7fdd861d', '2ca2000e-9b8d-11ee-9cf9-b9775c3921ff', 12, 23, '2023-12-21 18:52:20');
INSERT INTO `lifted_weights` (`id`, `training_id`, `station_id`, `exercise_id`, `repetition_count`, `kilogram_count`, `created_at`) VALUES('667e9076-9ff7-11ee-935c-0998a16e1529', 'dedc9976-9ff4-11ee-b8e0-d91f7b3a0004', 'b31936f8-9b5f-11ee-8fe4-7b7e7fdd861d', '2ca2000e-9b8d-11ee-9cf9-b9775c3921ff', 12, 23, '2023-12-21 18:52:22');
INSERT INTO `lifted_weights` (`id`, `training_id`, `station_id`, `exercise_id`, `repetition_count`, `kilogram_count`, `created_at`) VALUES('670de58c-9ff7-11ee-ba4c-c363aa35f98b', 'dedc9976-9ff4-11ee-b8e0-d91f7b3a0004', 'b31936f8-9b5f-11ee-8fe4-7b7e7fdd861d', '2ca2000e-9b8d-11ee-9cf9-b9775c3921ff', 12, 23, '2023-12-21 18:52:22');
INSERT INTO `lifted_weights` (`id`, `training_id`, `station_id`, `exercise_id`, `repetition_count`, `kilogram_count`, `created_at`) VALUES('7746d274-9ff7-11ee-8aed-3148e95ccae3', 'dedc9976-9ff4-11ee-b8e0-d91f7b3a0004', '64bb4ae6-9ff6-11ee-afbe-45619fe4d5f9', 'a4fa1c60-9de7-11ee-b982-5b815effbe97', 12, 20, '2023-12-21 18:52:50');
INSERT INTO `lifted_weights` (`id`, `training_id`, `station_id`, `exercise_id`, `repetition_count`, `kilogram_count`, `created_at`) VALUES('77e9f0ee-9ff7-11ee-bdf8-0b295012b292', 'dedc9976-9ff4-11ee-b8e0-d91f7b3a0004', '64bb4ae6-9ff6-11ee-afbe-45619fe4d5f9', 'a4fa1c60-9de7-11ee-b982-5b815effbe97', 12, 20, '2023-12-21 18:52:51');
INSERT INTO `lifted_weights` (`id`, `training_id`, `station_id`, `exercise_id`, `repetition_count`, `kilogram_count`, `created_at`) VALUES('7a6ddbfa-9ff7-11ee-90aa-fd97f42e7d41', 'dedc9976-9ff4-11ee-b8e0-d91f7b3a0004', '64bb4ae6-9ff6-11ee-afbe-45619fe4d5f9', 'a4fa1c60-9de7-11ee-b982-5b815effbe97', 8, 20, '2023-12-21 18:52:55');
INSERT INTO `lifted_weights` (`id`, `training_id`, `station_id`, `exercise_id`, `repetition_count`, `kilogram_count`, `created_at`) VALUES('7b426550-9ff7-11ee-ade3-531ba7346219', 'dedc9976-9ff4-11ee-b8e0-d91f7b3a0004', '64bb4ae6-9ff6-11ee-afbe-45619fe4d5f9', 'a4fa1c60-9de7-11ee-b982-5b815effbe97', 8, 20, '2023-12-21 18:52:56');
INSERT INTO `lifted_weights` (`id`, `training_id`, `station_id`, `exercise_id`, `repetition_count`, `kilogram_count`, `created_at`) VALUES('991a0d26-9ff7-11ee-814d-138c5c1198b8', 'dedc9976-9ff4-11ee-b8e0-d91f7b3a0004', '1ed2bb9e-9ff7-11ee-b157-23d19de5cb14', '92670ffe-9de7-11ee-9022-b762c7da12be', 12, 29, '2023-12-21 18:53:46');
INSERT INTO `lifted_weights` (`id`, `training_id`, `station_id`, `exercise_id`, `repetition_count`, `kilogram_count`, `created_at`) VALUES('99816dcc-9ff7-11ee-b7d8-f5c2d73c4b41', 'dedc9976-9ff4-11ee-b8e0-d91f7b3a0004', '1ed2bb9e-9ff7-11ee-b157-23d19de5cb14', '92670ffe-9de7-11ee-9022-b762c7da12be', 12, 29, '2023-12-21 18:53:47');
INSERT INTO `lifted_weights` (`id`, `training_id`, `station_id`, `exercise_id`, `repetition_count`, `kilogram_count`, `created_at`) VALUES('99f0bcfe-9ff7-11ee-b614-67ce7e6362eb', 'dedc9976-9ff4-11ee-b8e0-d91f7b3a0004', '1ed2bb9e-9ff7-11ee-b157-23d19de5cb14', '92670ffe-9de7-11ee-9022-b762c7da12be', 12, 29, '2023-12-21 18:53:48');
INSERT INTO `lifted_weights` (`id`, `training_id`, `station_id`, `exercise_id`, `repetition_count`, `kilogram_count`, `created_at`) VALUES('9a5a179e-9ff7-11ee-8c6e-efaff26cf321', 'dedc9976-9ff4-11ee-b8e0-d91f7b3a0004', '1ed2bb9e-9ff7-11ee-b157-23d19de5cb14', '92670ffe-9de7-11ee-9022-b762c7da12be', 12, 29, '2023-12-21 18:53:49');
INSERT INTO `lifted_weights` (`id`, `training_id`, `station_id`, `exercise_id`, `repetition_count`, `kilogram_count`, `created_at`) VALUES('f77a4688-9ff7-11ee-9c7c-816a15afaaf8', 'e1ffd386-9ff7-11ee-890c-b74bff27d9e2', 'b31936f8-9b5f-11ee-8fe4-7b7e7fdd861d', 'e761b03a-9b5e-11ee-a437-05367cd0bed5', 12, 27, '2023-12-21 18:56:25');
INSERT INTO `lifted_weights` (`id`, `training_id`, `station_id`, `exercise_id`, `repetition_count`, `kilogram_count`, `created_at`) VALUES('f83b66ce-9ff7-11ee-9cd3-c3d1998f76f3', 'e1ffd386-9ff7-11ee-890c-b74bff27d9e2', 'b31936f8-9b5f-11ee-8fe4-7b7e7fdd861d', 'e761b03a-9b5e-11ee-a437-05367cd0bed5', 12, 27, '2023-12-21 18:56:26');
INSERT INTO `lifted_weights` (`id`, `training_id`, `station_id`, `exercise_id`, `repetition_count`, `kilogram_count`, `created_at`) VALUES('f923f92a-9ff7-11ee-8438-75cdd45b6b74', 'e1ffd386-9ff7-11ee-890c-b74bff27d9e2', 'b31936f8-9b5f-11ee-8fe4-7b7e7fdd861d', 'e761b03a-9b5e-11ee-a437-05367cd0bed5', 12, 27, '2023-12-21 18:56:28');
INSERT INTO `lifted_weights` (`id`, `training_id`, `station_id`, `exercise_id`, `repetition_count`, `kilogram_count`, `created_at`) VALUES('fa31feca-9ff7-11ee-97e2-356feb574af6', 'e1ffd386-9ff7-11ee-890c-b74bff27d9e2', 'b31936f8-9b5f-11ee-8fe4-7b7e7fdd861d', 'e761b03a-9b5e-11ee-a437-05367cd0bed5', 12, 27, '2023-12-21 18:56:29');
INSERT INTO `lifted_weights` (`id`, `training_id`, `station_id`, `exercise_id`, `repetition_count`, `kilogram_count`, `created_at`) VALUES('038e3d3a-9ff8-11ee-922f-8b1ac5662bf2', 'e1ffd386-9ff7-11ee-890c-b74bff27d9e2', 'b31936f8-9b5f-11ee-8fe4-7b7e7fdd861d', '2ca2000e-9b8d-11ee-9cf9-b9775c3921ff', 12, 23, '2023-12-21 18:56:45');
INSERT INTO `lifted_weights` (`id`, `training_id`, `station_id`, `exercise_id`, `repetition_count`, `kilogram_count`, `created_at`) VALUES('04174f08-9ff8-11ee-99c5-73ba1353046f', 'e1ffd386-9ff7-11ee-890c-b74bff27d9e2', 'b31936f8-9b5f-11ee-8fe4-7b7e7fdd861d', '2ca2000e-9b8d-11ee-9cf9-b9775c3921ff', 12, 23, '2023-12-21 18:56:46');
INSERT INTO `lifted_weights` (`id`, `training_id`, `station_id`, `exercise_id`, `repetition_count`, `kilogram_count`, `created_at`) VALUES('0483c73c-9ff8-11ee-9978-77b6e5d45762', 'e1ffd386-9ff7-11ee-890c-b74bff27d9e2', 'b31936f8-9b5f-11ee-8fe4-7b7e7fdd861d', '2ca2000e-9b8d-11ee-9cf9-b9775c3921ff', 12, 23, '2023-12-21 18:56:47');
INSERT INTO `lifted_weights` (`id`, `training_id`, `station_id`, `exercise_id`, `repetition_count`, `kilogram_count`, `created_at`) VALUES('050e0aa0-9ff8-11ee-9619-f1faf782e2c9', 'e1ffd386-9ff7-11ee-890c-b74bff27d9e2', 'b31936f8-9b5f-11ee-8fe4-7b7e7fdd861d', '2ca2000e-9b8d-11ee-9cf9-b9775c3921ff', 12, 23, '2023-12-21 18:56:48');
INSERT INTO `lifted_weights` (`id`, `training_id`, `station_id`, `exercise_id`, `repetition_count`, `kilogram_count`, `created_at`) VALUES('116e1024-9ff8-11ee-bdc6-f364459baff7', 'e1ffd386-9ff7-11ee-890c-b74bff27d9e2', '64bb4ae6-9ff6-11ee-afbe-45619fe4d5f9', 'a4fa1c60-9de7-11ee-b982-5b815effbe97', 12, 20, '2023-12-21 18:57:08');
INSERT INTO `lifted_weights` (`id`, `training_id`, `station_id`, `exercise_id`, `repetition_count`, `kilogram_count`, `created_at`) VALUES('11f4e310-9ff8-11ee-bafd-a71adc3a2104', 'e1ffd386-9ff7-11ee-890c-b74bff27d9e2', '64bb4ae6-9ff6-11ee-afbe-45619fe4d5f9', 'a4fa1c60-9de7-11ee-b982-5b815effbe97', 12, 20, '2023-12-21 18:57:09');
INSERT INTO `lifted_weights` (`id`, `training_id`, `station_id`, `exercise_id`, `repetition_count`, `kilogram_count`, `created_at`) VALUES('138df3f6-9ff8-11ee-8952-732625b9d332', 'e1ffd386-9ff7-11ee-890c-b74bff27d9e2', '64bb4ae6-9ff6-11ee-afbe-45619fe4d5f9', 'a4fa1c60-9de7-11ee-b982-5b815effbe97', 8, 20, '2023-12-21 18:57:12');
INSERT INTO `lifted_weights` (`id`, `training_id`, `station_id`, `exercise_id`, `repetition_count`, `kilogram_count`, `created_at`) VALUES('142db634-9ff8-11ee-909b-b15f9bf1b7b3', 'e1ffd386-9ff7-11ee-890c-b74bff27d9e2', '64bb4ae6-9ff6-11ee-afbe-45619fe4d5f9', 'a4fa1c60-9de7-11ee-b982-5b815effbe97', 8, 20, '2023-12-21 18:57:13');
INSERT INTO `lifted_weights` (`id`, `training_id`, `station_id`, `exercise_id`, `repetition_count`, `kilogram_count`, `created_at`) VALUES('257737da-9ff8-11ee-aacd-2952e9c5f7bf', 'e1ffd386-9ff7-11ee-890c-b74bff27d9e2', '1ed2bb9e-9ff7-11ee-b157-23d19de5cb14', '92670ffe-9de7-11ee-9022-b762c7da12be', 12, 29, '2023-12-21 18:57:42');
INSERT INTO `lifted_weights` (`id`, `training_id`, `station_id`, `exercise_id`, `repetition_count`, `kilogram_count`, `created_at`) VALUES('2609d978-9ff8-11ee-b070-19cd5ecf51d5', 'e1ffd386-9ff7-11ee-890c-b74bff27d9e2', '1ed2bb9e-9ff7-11ee-b157-23d19de5cb14', '92670ffe-9de7-11ee-9022-b762c7da12be', 12, 29, '2023-12-21 18:57:43');
INSERT INTO `lifted_weights` (`id`, `training_id`, `station_id`, `exercise_id`, `repetition_count`, `kilogram_count`, `created_at`) VALUES('26abd430-9ff8-11ee-8102-7b533982f57b', 'e1ffd386-9ff7-11ee-890c-b74bff27d9e2', '1ed2bb9e-9ff7-11ee-b157-23d19de5cb14', '92670ffe-9de7-11ee-9022-b762c7da12be', 12, 29, '2023-12-21 18:57:44');
INSERT INTO `lifted_weights` (`id`, `training_id`, `station_id`, `exercise_id`, `repetition_count`, `kilogram_count`, `created_at`) VALUES('272eb7f6-9ff8-11ee-bba5-c92a75e5301a', 'e1ffd386-9ff7-11ee-890c-b74bff27d9e2', '1ed2bb9e-9ff7-11ee-b157-23d19de5cb14', '92670ffe-9de7-11ee-9022-b762c7da12be', 12, 29, '2023-12-21 18:57:45');
INSERT INTO `lifted_weights` (`id`, `training_id`, `station_id`, `exercise_id`, `repetition_count`, `kilogram_count`, `created_at`) VALUES('66f1fd58-9ff8-11ee-8001-cd45c1374657', '59fe9728-9ff8-11ee-8d9c-ddc386c52e08', 'b31936f8-9b5f-11ee-8fe4-7b7e7fdd861d', 'e761b03a-9b5e-11ee-a437-05367cd0bed5', 12, 27, '2023-12-21 18:59:32');
INSERT INTO `lifted_weights` (`id`, `training_id`, `station_id`, `exercise_id`, `repetition_count`, `kilogram_count`, `created_at`) VALUES('675d6b1a-9ff8-11ee-baeb-5199a6c4bd83', '59fe9728-9ff8-11ee-8d9c-ddc386c52e08', 'b31936f8-9b5f-11ee-8fe4-7b7e7fdd861d', 'e761b03a-9b5e-11ee-a437-05367cd0bed5', 12, 27, '2023-12-21 18:59:32');
INSERT INTO `lifted_weights` (`id`, `training_id`, `station_id`, `exercise_id`, `repetition_count`, `kilogram_count`, `created_at`) VALUES('67c4080c-9ff8-11ee-84c1-1d3d8d1faa45', '59fe9728-9ff8-11ee-8d9c-ddc386c52e08', 'b31936f8-9b5f-11ee-8fe4-7b7e7fdd861d', 'e761b03a-9b5e-11ee-a437-05367cd0bed5', 12, 27, '2023-12-21 18:59:33');
INSERT INTO `lifted_weights` (`id`, `training_id`, `station_id`, `exercise_id`, `repetition_count`, `kilogram_count`, `created_at`) VALUES('6861f120-9ff8-11ee-b34e-17ce397073ef', '59fe9728-9ff8-11ee-8d9c-ddc386c52e08', 'b31936f8-9b5f-11ee-8fe4-7b7e7fdd861d', 'e761b03a-9b5e-11ee-a437-05367cd0bed5', 12, 27, '2023-12-21 18:59:34');
INSERT INTO `lifted_weights` (`id`, `training_id`, `station_id`, `exercise_id`, `repetition_count`, `kilogram_count`, `created_at`) VALUES('72ee54b2-9ff8-11ee-922c-0ffcbefc66bc', '59fe9728-9ff8-11ee-8d9c-ddc386c52e08', 'b31936f8-9b5f-11ee-8fe4-7b7e7fdd861d', '2ca2000e-9b8d-11ee-9cf9-b9775c3921ff', 12, 23, '2023-12-21 18:59:52');
INSERT INTO `lifted_weights` (`id`, `training_id`, `station_id`, `exercise_id`, `repetition_count`, `kilogram_count`, `created_at`) VALUES('7358d36e-9ff8-11ee-a921-7920f482b6a4', '59fe9728-9ff8-11ee-8d9c-ddc386c52e08', 'b31936f8-9b5f-11ee-8fe4-7b7e7fdd861d', '2ca2000e-9b8d-11ee-9cf9-b9775c3921ff', 12, 23, '2023-12-21 18:59:53');
INSERT INTO `lifted_weights` (`id`, `training_id`, `station_id`, `exercise_id`, `repetition_count`, `kilogram_count`, `created_at`) VALUES('73d32a10-9ff8-11ee-a584-65b5f7a9f09b', '59fe9728-9ff8-11ee-8d9c-ddc386c52e08', 'b31936f8-9b5f-11ee-8fe4-7b7e7fdd861d', '2ca2000e-9b8d-11ee-9cf9-b9775c3921ff', 12, 23, '2023-12-21 18:59:53');
INSERT INTO `lifted_weights` (`id`, `training_id`, `station_id`, `exercise_id`, `repetition_count`, `kilogram_count`, `created_at`) VALUES('745842ae-9ff8-11ee-b661-4b8ebc4cc4b9', '59fe9728-9ff8-11ee-8d9c-ddc386c52e08', 'b31936f8-9b5f-11ee-8fe4-7b7e7fdd861d', '2ca2000e-9b8d-11ee-9cf9-b9775c3921ff', 12, 23, '2023-12-21 18:59:54');
INSERT INTO `lifted_weights` (`id`, `training_id`, `station_id`, `exercise_id`, `repetition_count`, `kilogram_count`, `created_at`) VALUES('80453702-9ff8-11ee-a649-f181b0f5f5b9', '59fe9728-9ff8-11ee-8d9c-ddc386c52e08', '64bb4ae6-9ff6-11ee-afbe-45619fe4d5f9', 'a4fa1c60-9de7-11ee-b982-5b815effbe97', 12, 20, '2023-12-21 19:00:14');
INSERT INTO `lifted_weights` (`id`, `training_id`, `station_id`, `exercise_id`, `repetition_count`, `kilogram_count`, `created_at`) VALUES('8092c8fa-9ff8-11ee-92ea-bb0b53d5be45', '59fe9728-9ff8-11ee-8d9c-ddc386c52e08', '64bb4ae6-9ff6-11ee-afbe-45619fe4d5f9', 'a4fa1c60-9de7-11ee-b982-5b815effbe97', 12, 20, '2023-12-21 19:00:15');
INSERT INTO `lifted_weights` (`id`, `training_id`, `station_id`, `exercise_id`, `repetition_count`, `kilogram_count`, `created_at`) VALUES('81e46650-9ff8-11ee-a842-dba3b166d118', '59fe9728-9ff8-11ee-8d9c-ddc386c52e08', '64bb4ae6-9ff6-11ee-afbe-45619fe4d5f9', 'a4fa1c60-9de7-11ee-b982-5b815effbe97', 8, 20, '2023-12-21 19:00:17');
INSERT INTO `lifted_weights` (`id`, `training_id`, `station_id`, `exercise_id`, `repetition_count`, `kilogram_count`, `created_at`) VALUES('8245df02-9ff8-11ee-a33a-b9c79cbb4472', '59fe9728-9ff8-11ee-8d9c-ddc386c52e08', '64bb4ae6-9ff6-11ee-afbe-45619fe4d5f9', 'a4fa1c60-9de7-11ee-b982-5b815effbe97', 8, 20, '2023-12-21 19:00:18');
INSERT INTO `lifted_weights` (`id`, `training_id`, `station_id`, `exercise_id`, `repetition_count`, `kilogram_count`, `created_at`) VALUES('e8a9b6cc-9ffa-11ee-b99d-a19af485124c', '59fe9728-9ff8-11ee-8d9c-ddc386c52e08', '4997760a-9ec4-11ee-b7b5-cd38ba046b07', 'd60f9604-9de7-11ee-a8b4-77f661ff2acb', 12, 10, '2023-12-21 19:17:28');
INSERT INTO `lifted_weights` (`id`, `training_id`, `station_id`, `exercise_id`, `repetition_count`, `kilogram_count`, `created_at`) VALUES('e91ad79e-9ffa-11ee-bd15-d96af9540f82', '59fe9728-9ff8-11ee-8d9c-ddc386c52e08', '4997760a-9ec4-11ee-b7b5-cd38ba046b07', 'd60f9604-9de7-11ee-a8b4-77f661ff2acb', 12, 10, '2023-12-21 19:17:29');
INSERT INTO `lifted_weights` (`id`, `training_id`, `station_id`, `exercise_id`, `repetition_count`, `kilogram_count`, `created_at`) VALUES('e9826332-9ffa-11ee-96f9-455ede1a2a94', '59fe9728-9ff8-11ee-8d9c-ddc386c52e08', '4997760a-9ec4-11ee-b7b5-cd38ba046b07', 'd60f9604-9de7-11ee-a8b4-77f661ff2acb', 12, 10, '2023-12-21 19:17:30');
INSERT INTO `lifted_weights` (`id`, `training_id`, `station_id`, `exercise_id`, `repetition_count`, `kilogram_count`, `created_at`) VALUES('ea4a014e-9ffa-11ee-a591-f52772f864d9', '59fe9728-9ff8-11ee-8d9c-ddc386c52e08', '4997760a-9ec4-11ee-b7b5-cd38ba046b07', 'd60f9604-9de7-11ee-a8b4-77f661ff2acb', 12, 10, '2023-12-21 19:17:31');
INSERT INTO `lifted_weights` (`id`, `training_id`, `station_id`, `exercise_id`, `repetition_count`, `kilogram_count`, `created_at`) VALUES('34572f04-9ffc-11ee-a2e5-4994188ddfa3', '1be39584-9ffc-11ee-8ac9-051c5534cf89', 'b31936f8-9b5f-11ee-8fe4-7b7e7fdd861d', '7952d1ea-9b5f-11ee-8ade-1d9a94065d46', 12, 27, '2023-12-21 19:26:45');
INSERT INTO `lifted_weights` (`id`, `training_id`, `station_id`, `exercise_id`, `repetition_count`, `kilogram_count`, `created_at`) VALUES('34f1d608-9ffc-11ee-a88c-7d6b2285c527', '1be39584-9ffc-11ee-8ac9-051c5534cf89', 'b31936f8-9b5f-11ee-8fe4-7b7e7fdd861d', '7952d1ea-9b5f-11ee-8ade-1d9a94065d46', 12, 27, '2023-12-21 19:26:46');
INSERT INTO `lifted_weights` (`id`, `training_id`, `station_id`, `exercise_id`, `repetition_count`, `kilogram_count`, `created_at`) VALUES('3581120a-9ffc-11ee-ba90-6dad3c40d59e', '1be39584-9ffc-11ee-8ac9-051c5534cf89', 'b31936f8-9b5f-11ee-8fe4-7b7e7fdd861d', '7952d1ea-9b5f-11ee-8ade-1d9a94065d46', 12, 27, '2023-12-21 19:26:47');
INSERT INTO `lifted_weights` (`id`, `training_id`, `station_id`, `exercise_id`, `repetition_count`, `kilogram_count`, `created_at`) VALUES('364862b0-9ffc-11ee-9a2f-fb474228f3c8', '1be39584-9ffc-11ee-8ac9-051c5534cf89', 'b31936f8-9b5f-11ee-8fe4-7b7e7fdd861d', '7952d1ea-9b5f-11ee-8ade-1d9a94065d46', 12, 27, '2023-12-21 19:26:48');
INSERT INTO `lifted_weights` (`id`, `training_id`, `station_id`, `exercise_id`, `repetition_count`, `kilogram_count`, `created_at`) VALUES('44ee1026-9ffc-11ee-9e01-51f724198df4', '1be39584-9ffc-11ee-8ac9-051c5534cf89', 'b31936f8-9b5f-11ee-8fe4-7b7e7fdd861d', '2ca2000e-9b8d-11ee-9cf9-b9775c3921ff', 12, 23, '2023-12-21 19:27:13');
INSERT INTO `lifted_weights` (`id`, `training_id`, `station_id`, `exercise_id`, `repetition_count`, `kilogram_count`, `created_at`) VALUES('45b6e2f8-9ffc-11ee-afda-935bed273a77', '1be39584-9ffc-11ee-8ac9-051c5534cf89', 'b31936f8-9b5f-11ee-8fe4-7b7e7fdd861d', '2ca2000e-9b8d-11ee-9cf9-b9775c3921ff', 12, 23, '2023-12-21 19:27:14');
INSERT INTO `lifted_weights` (`id`, `training_id`, `station_id`, `exercise_id`, `repetition_count`, `kilogram_count`, `created_at`) VALUES('4636f358-9ffc-11ee-a072-71327465d41e', '1be39584-9ffc-11ee-8ac9-051c5534cf89', 'b31936f8-9b5f-11ee-8fe4-7b7e7fdd861d', '2ca2000e-9b8d-11ee-9cf9-b9775c3921ff', 12, 23, '2023-12-21 19:27:15');
INSERT INTO `lifted_weights` (`id`, `training_id`, `station_id`, `exercise_id`, `repetition_count`, `kilogram_count`, `created_at`) VALUES('46cd399e-9ffc-11ee-8176-216a95dede95', '1be39584-9ffc-11ee-8ac9-051c5534cf89', 'b31936f8-9b5f-11ee-8fe4-7b7e7fdd861d', '2ca2000e-9b8d-11ee-9cf9-b9775c3921ff', 12, 23, '2023-12-21 19:27:16');
INSERT INTO `lifted_weights` (`id`, `training_id`, `station_id`, `exercise_id`, `repetition_count`, `kilogram_count`, `created_at`) VALUES('51c9894c-9ffc-11ee-a4f9-032d11a60983', '1be39584-9ffc-11ee-8ac9-051c5534cf89', '1ed2bb9e-9ff7-11ee-b157-23d19de5cb14', '92670ffe-9de7-11ee-9022-b762c7da12be', 12, 29, '2023-12-21 19:27:34');
INSERT INTO `lifted_weights` (`id`, `training_id`, `station_id`, `exercise_id`, `repetition_count`, `kilogram_count`, `created_at`) VALUES('523b9c80-9ffc-11ee-aeb9-7f13334c9b68', '1be39584-9ffc-11ee-8ac9-051c5534cf89', '1ed2bb9e-9ff7-11ee-b157-23d19de5cb14', '92670ffe-9de7-11ee-9022-b762c7da12be', 12, 29, '2023-12-21 19:27:35');
INSERT INTO `lifted_weights` (`id`, `training_id`, `station_id`, `exercise_id`, `repetition_count`, `kilogram_count`, `created_at`) VALUES('52a44cb2-9ffc-11ee-98ed-43dc2546a728', '1be39584-9ffc-11ee-8ac9-051c5534cf89', '1ed2bb9e-9ff7-11ee-b157-23d19de5cb14', '92670ffe-9de7-11ee-9022-b762c7da12be', 12, 29, '2023-12-21 19:27:36');
INSERT INTO `lifted_weights` (`id`, `training_id`, `station_id`, `exercise_id`, `repetition_count`, `kilogram_count`, `created_at`) VALUES('531184bc-9ffc-11ee-81e2-21b47e8e8e04', '1be39584-9ffc-11ee-8ac9-051c5534cf89', '1ed2bb9e-9ff7-11ee-b157-23d19de5cb14', '92670ffe-9de7-11ee-9022-b762c7da12be', 12, 29, '2023-12-21 19:27:36');
INSERT INTO `lifted_weights` (`id`, `training_id`, `station_id`, `exercise_id`, `repetition_count`, `kilogram_count`, `created_at`) VALUES('5bb297c8-9ffc-11ee-aba6-398bfdd8d691', '1be39584-9ffc-11ee-8ac9-051c5534cf89', 'abe80dfe-9b8d-11ee-ba01-8f757749c5a1', '216b76b6-9b8d-11ee-a308-83ca01ad40aa', 12, 29, '2023-12-21 19:27:51');
INSERT INTO `lifted_weights` (`id`, `training_id`, `station_id`, `exercise_id`, `repetition_count`, `kilogram_count`, `created_at`) VALUES('5c2a962e-9ffc-11ee-8e6d-0d45edc3fc18', '1be39584-9ffc-11ee-8ac9-051c5534cf89', 'abe80dfe-9b8d-11ee-ba01-8f757749c5a1', '216b76b6-9b8d-11ee-a308-83ca01ad40aa', 12, 29, '2023-12-21 19:27:52');
INSERT INTO `lifted_weights` (`id`, `training_id`, `station_id`, `exercise_id`, `repetition_count`, `kilogram_count`, `created_at`) VALUES('5c9ff93c-9ffc-11ee-8dd2-8b902f3a465f', '1be39584-9ffc-11ee-8ac9-051c5534cf89', 'abe80dfe-9b8d-11ee-ba01-8f757749c5a1', '216b76b6-9b8d-11ee-a308-83ca01ad40aa', 12, 29, '2023-12-21 19:27:52');
INSERT INTO `lifted_weights` (`id`, `training_id`, `station_id`, `exercise_id`, `repetition_count`, `kilogram_count`, `created_at`) VALUES('5d171260-9ffc-11ee-8b65-23d27fcbd0a2', '1be39584-9ffc-11ee-8ac9-051c5534cf89', 'abe80dfe-9b8d-11ee-ba01-8f757749c5a1', '216b76b6-9b8d-11ee-a308-83ca01ad40aa', 12, 29, '2023-12-21 19:27:53');
INSERT INTO `lifted_weights` (`id`, `training_id`, `station_id`, `exercise_id`, `repetition_count`, `kilogram_count`, `created_at`) VALUES('ac677076-9ffc-11ee-968f-73b0c6bb0be2', '29461126-9b64-11ee-a226-fb4b46ba23ba', 'b31936f8-9b5f-11ee-8fe4-7b7e7fdd861d', '2ca2000e-9b8d-11ee-9cf9-b9775c3921ff', 12, 27, '2023-12-21 19:30:06');
INSERT INTO `lifted_weights` (`id`, `training_id`, `station_id`, `exercise_id`, `repetition_count`, `kilogram_count`, `created_at`) VALUES('acce0214-9ffc-11ee-8bff-679b47ceeaa1', '29461126-9b64-11ee-a226-fb4b46ba23ba', 'b31936f8-9b5f-11ee-8fe4-7b7e7fdd861d', '2ca2000e-9b8d-11ee-9cf9-b9775c3921ff', 12, 27, '2023-12-21 19:30:07');
INSERT INTO `lifted_weights` (`id`, `training_id`, `station_id`, `exercise_id`, `repetition_count`, `kilogram_count`, `created_at`) VALUES('ad3a1328-9ffc-11ee-9e0b-e169623ceb72', '29461126-9b64-11ee-a226-fb4b46ba23ba', 'b31936f8-9b5f-11ee-8fe4-7b7e7fdd861d', '2ca2000e-9b8d-11ee-9cf9-b9775c3921ff', 12, 27, '2023-12-21 19:30:08');
INSERT INTO `lifted_weights` (`id`, `training_id`, `station_id`, `exercise_id`, `repetition_count`, `kilogram_count`, `created_at`) VALUES('ada72fee-9ffc-11ee-9224-d98c3c384d58', '29461126-9b64-11ee-a226-fb4b46ba23ba', 'b31936f8-9b5f-11ee-8fe4-7b7e7fdd861d', '2ca2000e-9b8d-11ee-9cf9-b9775c3921ff', 12, 27, '2023-12-21 19:30:08');
INSERT INTO `lifted_weights` (`id`, `training_id`, `station_id`, `exercise_id`, `repetition_count`, `kilogram_count`, `created_at`) VALUES('b51aab02-9ffc-11ee-963c-0d9995e29e2a', '29461126-9b64-11ee-a226-fb4b46ba23ba', '64bb4ae6-9ff6-11ee-afbe-45619fe4d5f9', 'a4fa1c60-9de7-11ee-b982-5b815effbe97', 12, 20, '2023-12-21 19:30:21');
INSERT INTO `lifted_weights` (`id`, `training_id`, `station_id`, `exercise_id`, `repetition_count`, `kilogram_count`, `created_at`) VALUES('b589c514-9ffc-11ee-815b-57b3aa346526', '29461126-9b64-11ee-a226-fb4b46ba23ba', '64bb4ae6-9ff6-11ee-afbe-45619fe4d5f9', 'a4fa1c60-9de7-11ee-b982-5b815effbe97', 12, 20, '2023-12-21 19:30:22');
INSERT INTO `lifted_weights` (`id`, `training_id`, `station_id`, `exercise_id`, `repetition_count`, `kilogram_count`, `created_at`) VALUES('b8921d42-9ffc-11ee-9fd9-09e4a82605ff', '29461126-9b64-11ee-a226-fb4b46ba23ba', '64bb4ae6-9ff6-11ee-afbe-45619fe4d5f9', 'a4fa1c60-9de7-11ee-b982-5b815effbe97', 8, 20, '2023-12-21 19:30:27');
INSERT INTO `lifted_weights` (`id`, `training_id`, `station_id`, `exercise_id`, `repetition_count`, `kilogram_count`, `created_at`) VALUES('b8f4e350-9ffc-11ee-b1e7-534b1431fddf', '29461126-9b64-11ee-a226-fb4b46ba23ba', '64bb4ae6-9ff6-11ee-afbe-45619fe4d5f9', 'a4fa1c60-9de7-11ee-b982-5b815effbe97', 8, 20, '2023-12-21 19:30:27');
INSERT INTO `lifted_weights` (`id`, `training_id`, `station_id`, `exercise_id`, `repetition_count`, `kilogram_count`, `created_at`) VALUES('c3b94ad8-9ffc-11ee-b7d5-c590c0637523', '29461126-9b64-11ee-a226-fb4b46ba23ba', '9a3e2728-9ffc-11ee-bc3c-3b35ab9531c9', '2ca2000e-9b8d-11ee-9cf9-b9775c3921ff', 12, 29, '2023-12-21 19:30:45');
INSERT INTO `lifted_weights` (`id`, `training_id`, `station_id`, `exercise_id`, `repetition_count`, `kilogram_count`, `created_at`) VALUES('c41dd124-9ffc-11ee-bb6d-5fb4122c0cba', '29461126-9b64-11ee-a226-fb4b46ba23ba', '9a3e2728-9ffc-11ee-bc3c-3b35ab9531c9', '2ca2000e-9b8d-11ee-9cf9-b9775c3921ff', 12, 29, '2023-12-21 19:30:46');
INSERT INTO `lifted_weights` (`id`, `training_id`, `station_id`, `exercise_id`, `repetition_count`, `kilogram_count`, `created_at`) VALUES('c4853d5a-9ffc-11ee-9497-ed1e1bcd9717', '29461126-9b64-11ee-a226-fb4b46ba23ba', '9a3e2728-9ffc-11ee-bc3c-3b35ab9531c9', '2ca2000e-9b8d-11ee-9cf9-b9775c3921ff', 12, 29, '2023-12-21 19:30:47');
INSERT INTO `lifted_weights` (`id`, `training_id`, `station_id`, `exercise_id`, `repetition_count`, `kilogram_count`, `created_at`) VALUES('c4eb0658-9ffc-11ee-bca9-015a61b99e16', '29461126-9b64-11ee-a226-fb4b46ba23ba', '9a3e2728-9ffc-11ee-bc3c-3b35ab9531c9', '2ca2000e-9b8d-11ee-9cf9-b9775c3921ff', 12, 29, '2023-12-21 19:30:47');
INSERT INTO `lifted_weights` (`id`, `training_id`, `station_id`, `exercise_id`, `repetition_count`, `kilogram_count`, `created_at`) VALUES('d673961a-9ffc-11ee-9602-b7f6c34f4040', '29461126-9b64-11ee-a226-fb4b46ba23ba', 'abe80dfe-9b8d-11ee-ba01-8f757749c5a1', '216b76b6-9b8d-11ee-a308-83ca01ad40aa', 12, 29, '2023-12-21 19:31:17');
INSERT INTO `lifted_weights` (`id`, `training_id`, `station_id`, `exercise_id`, `repetition_count`, `kilogram_count`, `created_at`) VALUES('d6ea81bc-9ffc-11ee-9fac-09c56763bc99', '29461126-9b64-11ee-a226-fb4b46ba23ba', 'abe80dfe-9b8d-11ee-ba01-8f757749c5a1', '216b76b6-9b8d-11ee-a308-83ca01ad40aa', 12, 29, '2023-12-21 19:31:18');
INSERT INTO `lifted_weights` (`id`, `training_id`, `station_id`, `exercise_id`, `repetition_count`, `kilogram_count`, `created_at`) VALUES('d791d03e-9ffc-11ee-b6ef-a9422caca847', '29461126-9b64-11ee-a226-fb4b46ba23ba', 'abe80dfe-9b8d-11ee-ba01-8f757749c5a1', '216b76b6-9b8d-11ee-a308-83ca01ad40aa', 12, 29, '2023-12-21 19:31:19');
INSERT INTO `lifted_weights` (`id`, `training_id`, `station_id`, `exercise_id`, `repetition_count`, `kilogram_count`, `created_at`) VALUES('d82fcece-9ffc-11ee-a6f1-d79b9a62f33f', '29461126-9b64-11ee-a226-fb4b46ba23ba', 'abe80dfe-9b8d-11ee-ba01-8f757749c5a1', '216b76b6-9b8d-11ee-a308-83ca01ad40aa', 12, 29, '2023-12-21 19:31:20');
INSERT INTO `lifted_weights` (`id`, `training_id`, `station_id`, `exercise_id`, `repetition_count`, `kilogram_count`, `created_at`) VALUES('cffa2a90-a094-11ee-9c77-c37033639847', 'b8c78214-9fdb-11ee-974a-1da56c987c3d', 'abe80dfe-9b8d-11ee-ba01-8f757749c5a1', '216b76b6-9b8d-11ee-a308-83ca01ad40aa', 10, 39, '2023-12-22 18:39:09');
INSERT INTO `lifted_weights` (`id`, `training_id`, `station_id`, `exercise_id`, `repetition_count`, `kilogram_count`, `created_at`) VALUES('5ecfe85e-a095-11ee-8340-03ebf1fd7b1d', 'b8c78214-9fdb-11ee-974a-1da56c987c3d', 'abe80dfe-9b8d-11ee-ba01-8f757749c5a1', '216b76b6-9b8d-11ee-a308-83ca01ad40aa', 10, 48, '2023-12-22 18:43:09');
INSERT INTO `lifted_weights` (`id`, `training_id`, `station_id`, `exercise_id`, `repetition_count`, `kilogram_count`, `created_at`) VALUES('0736c4a4-a096-11ee-97c6-3d2872f7273a', 'b8c78214-9fdb-11ee-974a-1da56c987c3d', 'abe80dfe-9b8d-11ee-ba01-8f757749c5a1', '216b76b6-9b8d-11ee-a308-83ca01ad40aa', 10, 48, '2023-12-22 18:47:52');
INSERT INTO `lifted_weights` (`id`, `training_id`, `station_id`, `exercise_id`, `repetition_count`, `kilogram_count`, `created_at`) VALUES('d3af73d2-a096-11ee-a23c-19885eef8fd0', 'b8c78214-9fdb-11ee-974a-1da56c987c3d', 'abe80dfe-9b8d-11ee-ba01-8f757749c5a1', '216b76b6-9b8d-11ee-a308-83ca01ad40aa', 10, 48, '2023-12-22 18:53:35');
INSERT INTO `lifted_weights` (`id`, `training_id`, `station_id`, `exercise_id`, `repetition_count`, `kilogram_count`, `created_at`) VALUES('7f287d26-a097-11ee-bcc3-236dcce307b7', 'b8c78214-9fdb-11ee-974a-1da56c987c3d', 'b31936f8-9b5f-11ee-8fe4-7b7e7fdd861d', '7952d1ea-9b5f-11ee-8ade-1d9a94065d46', 10, 39, '2023-12-22 18:58:22');
INSERT INTO `lifted_weights` (`id`, `training_id`, `station_id`, `exercise_id`, `repetition_count`, `kilogram_count`, `created_at`) VALUES('e9f16e74-a097-11ee-8add-9ba95092eda6', 'b8c78214-9fdb-11ee-974a-1da56c987c3d', 'b31936f8-9b5f-11ee-8fe4-7b7e7fdd861d', '7952d1ea-9b5f-11ee-8ade-1d9a94065d46', 10, 39, '2023-12-22 19:01:22');
INSERT INTO `lifted_weights` (`id`, `training_id`, `station_id`, `exercise_id`, `repetition_count`, `kilogram_count`, `created_at`) VALUES('88413aaa-a098-11ee-9869-e95aeb1cc48b', 'b8c78214-9fdb-11ee-974a-1da56c987c3d', 'b31936f8-9b5f-11ee-8fe4-7b7e7fdd861d', '7952d1ea-9b5f-11ee-8ade-1d9a94065d46', 10, 39, '2023-12-22 19:05:47');
INSERT INTO `lifted_weights` (`id`, `training_id`, `station_id`, `exercise_id`, `repetition_count`, `kilogram_count`, `created_at`) VALUES('192e2834-a099-11ee-ac92-8bb4d6622b65', 'b8c78214-9fdb-11ee-974a-1da56c987c3d', 'b31936f8-9b5f-11ee-8fe4-7b7e7fdd861d', '7952d1ea-9b5f-11ee-8ade-1d9a94065d46', 10, 39, '2023-12-22 19:09:50');
INSERT INTO `lifted_weights` (`id`, `training_id`, `station_id`, `exercise_id`, `repetition_count`, `kilogram_count`, `created_at`) VALUES('9d75084c-a099-11ee-aaa9-65e601087083', 'b8c78214-9fdb-11ee-974a-1da56c987c3d', 'b31936f8-9b5f-11ee-8fe4-7b7e7fdd861d', '2ca2000e-9b8d-11ee-9cf9-b9775c3921ff', 10, 36, '2023-12-22 19:13:32');
INSERT INTO `lifted_weights` (`id`, `training_id`, `station_id`, `exercise_id`, `repetition_count`, `kilogram_count`, `created_at`) VALUES('08ef1dec-a09a-11ee-b7d9-af69924afb6c', 'b8c78214-9fdb-11ee-974a-1da56c987c3d', 'b31936f8-9b5f-11ee-8fe4-7b7e7fdd861d', '2ca2000e-9b8d-11ee-9cf9-b9775c3921ff', 10, 41, '2023-12-22 19:16:33');
INSERT INTO `lifted_weights` (`id`, `training_id`, `station_id`, `exercise_id`, `repetition_count`, `kilogram_count`, `created_at`) VALUES('60600eec-a09a-11ee-8a3f-3d051b663476', 'b8c78214-9fdb-11ee-974a-1da56c987c3d', 'b31936f8-9b5f-11ee-8fe4-7b7e7fdd861d', '2ca2000e-9b8d-11ee-9cf9-b9775c3921ff', 7, 41, '2023-12-22 19:18:59');
INSERT INTO `lifted_weights` (`id`, `training_id`, `station_id`, `exercise_id`, `repetition_count`, `kilogram_count`, `created_at`) VALUES('f5224860-a09a-11ee-a3eb-5d27cbf443c3', 'b8c78214-9fdb-11ee-974a-1da56c987c3d', 'b31936f8-9b5f-11ee-8fe4-7b7e7fdd861d', '2ca2000e-9b8d-11ee-9cf9-b9775c3921ff', 9, 41, '2023-12-22 19:23:09');
INSERT INTO `lifted_weights` (`id`, `training_id`, `station_id`, `exercise_id`, `repetition_count`, `kilogram_count`, `created_at`) VALUES('59e18856-a09b-11ee-b1c9-91f3f6d6f553', 'b8c78214-9fdb-11ee-974a-1da56c987c3d', '1ed2bb9e-9ff7-11ee-b157-23d19de5cb14', '92670ffe-9de7-11ee-9022-b762c7da12be', 10, 48, '2023-12-22 19:25:58');
INSERT INTO `lifted_weights` (`id`, `training_id`, `station_id`, `exercise_id`, `repetition_count`, `kilogram_count`, `created_at`) VALUES('f236a528-a09b-11ee-be8b-0525968afb2b', 'b8c78214-9fdb-11ee-974a-1da56c987c3d', '1ed2bb9e-9ff7-11ee-b157-23d19de5cb14', '92670ffe-9de7-11ee-9022-b762c7da12be', 10, 48, '2023-12-22 19:30:13');
INSERT INTO `lifted_weights` (`id`, `training_id`, `station_id`, `exercise_id`, `repetition_count`, `kilogram_count`, `created_at`) VALUES('5c770a54-a09c-11ee-a9d3-43b8edcfd3b6', 'b8c78214-9fdb-11ee-974a-1da56c987c3d', '1ed2bb9e-9ff7-11ee-b157-23d19de5cb14', '92670ffe-9de7-11ee-9022-b762c7da12be', 10, 48, '2023-12-22 19:33:12');
INSERT INTO `lifted_weights` (`id`, `training_id`, `station_id`, `exercise_id`, `repetition_count`, `kilogram_count`, `created_at`) VALUES('c44ec0cc-a09c-11ee-8b90-a9236c0eefc9', 'b8c78214-9fdb-11ee-974a-1da56c987c3d', '1ed2bb9e-9ff7-11ee-b157-23d19de5cb14', '92670ffe-9de7-11ee-9022-b762c7da12be', 10, 48, '2023-12-22 19:36:06');
INSERT INTO `lifted_weights` (`id`, `training_id`, `station_id`, `exercise_id`, `repetition_count`, `kilogram_count`, `created_at`) VALUES('0c8f786c-a4d1-11ee-9bec-45528307b81b', '8780e608-a4b5-11ee-a87f-8f4eb5a495a1', 'abd90d32-9de4-11ee-8b09-511a5eec1e52', '8af11920-9de4-11ee-85da-0bab4c113dcc', 12, 10, '2023-12-27 18:00:26');
INSERT INTO `lifted_weights` (`id`, `training_id`, `station_id`, `exercise_id`, `repetition_count`, `kilogram_count`, `created_at`) VALUES('12e849be-a4d1-11ee-9bb5-2187418d362d', '8780e608-a4b5-11ee-a87f-8f4eb5a495a1', 'abd90d32-9de4-11ee-8b09-511a5eec1e52', '8af11920-9de4-11ee-85da-0bab4c113dcc', 8, 20, '2023-12-27 18:00:36');
INSERT INTO `lifted_weights` (`id`, `training_id`, `station_id`, `exercise_id`, `repetition_count`, `kilogram_count`, `created_at`) VALUES('163e8d30-a4d1-11ee-864b-477d5f30037b', '8780e608-a4b5-11ee-a87f-8f4eb5a495a1', 'abd90d32-9de4-11ee-8b09-511a5eec1e52', '8af11920-9de4-11ee-85da-0bab4c113dcc', 8, 20, '2023-12-27 18:00:42');
INSERT INTO `lifted_weights` (`id`, `training_id`, `station_id`, `exercise_id`, `repetition_count`, `kilogram_count`, `created_at`) VALUES('1788bd50-a4d1-11ee-9fd5-75c218088f2a', '8780e608-a4b5-11ee-a87f-8f4eb5a495a1', 'abd90d32-9de4-11ee-8b09-511a5eec1e52', '8af11920-9de4-11ee-85da-0bab4c113dcc', 8, 20, '2023-12-27 18:00:44');
INSERT INTO `lifted_weights` (`id`, `training_id`, `station_id`, `exercise_id`, `repetition_count`, `kilogram_count`, `created_at`) VALUES('39e2247c-a4d1-11ee-8681-afd7125dc23f', '8780e608-a4b5-11ee-a87f-8f4eb5a495a1', 'abd90d32-9de4-11ee-8b09-511a5eec1e52', '8af11920-9de4-11ee-85da-0bab4c113dcc', 7, 20, '2023-12-27 18:01:42');
INSERT INTO `lifted_weights` (`id`, `training_id`, `station_id`, `exercise_id`, `repetition_count`, `kilogram_count`, `created_at`) VALUES('364c9ac2-a4d1-11ee-890e-0f52e8156257', '8780e608-a4b5-11ee-a87f-8f4eb5a495a1', 'abd90d32-9de4-11ee-8b09-511a5eec1e52', '8af11920-9de4-11ee-85da-0bab4c113dcc', 8, 20, '2023-12-27 18:01:36');
INSERT INTO `lifted_weights` (`id`, `training_id`, `station_id`, `exercise_id`, `repetition_count`, `kilogram_count`, `created_at`) VALUES('73eb4256-a4d2-11ee-a3d8-1fe1a6a6364c', '8780e608-a4b5-11ee-a87f-8f4eb5a495a1', '4997760a-9ec4-11ee-b7b5-cd38ba046b07', '9b8fec9a-a4d1-11ee-bc57-e72730d1cb37', 10, 6, '2023-12-27 18:10:28');
INSERT INTO `lifted_weights` (`id`, `training_id`, `station_id`, `exercise_id`, `repetition_count`, `kilogram_count`, `created_at`) VALUES('7099aee4-a4d2-11ee-96b3-c7a86084d2eb', '8780e608-a4b5-11ee-a87f-8f4eb5a495a1', '4997760a-9ec4-11ee-b7b5-cd38ba046b07', '9b8fec9a-a4d1-11ee-bc57-e72730d1cb37', 8, 6, '2023-12-27 18:10:23');
INSERT INTO `lifted_weights` (`id`, `training_id`, `station_id`, `exercise_id`, `repetition_count`, `kilogram_count`, `created_at`) VALUES('6eb3d500-a4d2-11ee-ac85-affef94436b3', '8780e608-a4b5-11ee-a87f-8f4eb5a495a1', '4997760a-9ec4-11ee-b7b5-cd38ba046b07', '9b8fec9a-a4d1-11ee-bc57-e72730d1cb37', 8, 6, '2023-12-27 18:10:20');
INSERT INTO `lifted_weights` (`id`, `training_id`, `station_id`, `exercise_id`, `repetition_count`, `kilogram_count`, `created_at`) VALUES('6ab046e6-a4d2-11ee-bc92-d3297dc1d466', '8780e608-a4b5-11ee-a87f-8f4eb5a495a1', '4997760a-9ec4-11ee-b7b5-cd38ba046b07', '9b8fec9a-a4d1-11ee-bc57-e72730d1cb37', 8, 4, '2023-12-27 18:10:13');
INSERT INTO `lifted_weights` (`id`, `training_id`, `station_id`, `exercise_id`, `repetition_count`, `kilogram_count`, `created_at`) VALUES('15c342a4-a4d3-11ee-b4ec-db4f0195bc9b', '8780e608-a4b5-11ee-a87f-8f4eb5a495a1', 'b31936f8-9b5f-11ee-8fe4-7b7e7fdd861d', 'e42d7d0e-a4d2-11ee-af45-310ba2895293', 10, 23, '2023-12-27 18:15:00');
INSERT INTO `lifted_weights` (`id`, `training_id`, `station_id`, `exercise_id`, `repetition_count`, `kilogram_count`, `created_at`) VALUES('1726eb5a-a4d3-11ee-ba61-872af1631692', '8780e608-a4b5-11ee-a87f-8f4eb5a495a1', 'b31936f8-9b5f-11ee-8fe4-7b7e7fdd861d', 'e42d7d0e-a4d2-11ee-af45-310ba2895293', 8, 23, '2023-12-27 18:15:02');
INSERT INTO `lifted_weights` (`id`, `training_id`, `station_id`, `exercise_id`, `repetition_count`, `kilogram_count`, `created_at`) VALUES('1a7a5c9c-a4d3-11ee-bfb0-3564aa2c5807', '8780e608-a4b5-11ee-a87f-8f4eb5a495a1', 'b31936f8-9b5f-11ee-8fe4-7b7e7fdd861d', 'e42d7d0e-a4d2-11ee-af45-310ba2895293', 10, 18, '2023-12-27 18:15:08');
INSERT INTO `lifted_weights` (`id`, `training_id`, `station_id`, `exercise_id`, `repetition_count`, `kilogram_count`, `created_at`) VALUES('1c5f1c8c-a4d3-11ee-8a8e-7ff1dbf170fe', '8780e608-a4b5-11ee-a87f-8f4eb5a495a1', 'b31936f8-9b5f-11ee-8fe4-7b7e7fdd861d', 'e42d7d0e-a4d2-11ee-af45-310ba2895293', 10, 18, '2023-12-27 18:15:11');
INSERT INTO `lifted_weights` (`id`, `training_id`, `station_id`, `exercise_id`, `repetition_count`, `kilogram_count`, `created_at`) VALUES('22058c48-a4d3-11ee-876d-63165e7685a0', '8780e608-a4b5-11ee-a87f-8f4eb5a495a1', 'b31936f8-9b5f-11ee-8fe4-7b7e7fdd861d', 'e42d7d0e-a4d2-11ee-af45-310ba2895293', 12, 8, '2023-12-27 18:15:21');
INSERT INTO `lifted_weights` (`id`, `training_id`, `station_id`, `exercise_id`, `repetition_count`, `kilogram_count`, `created_at`) VALUES('ec946bc8-a4d3-11ee-a487-1f8f525efc0a', '8780e608-a4b5-11ee-a87f-8f4eb5a495a1', 'cf63f0b4-a4d3-11ee-b8df-277a1b0551e6', 'c3e062a4-a4d3-11ee-b7a8-d11a520ca2e5', 12, 1, '2023-12-27 18:21:00');
INSERT INTO `lifted_weights` (`id`, `training_id`, `station_id`, `exercise_id`, `repetition_count`, `kilogram_count`, `created_at`) VALUES('ee53927c-a4d3-11ee-b592-0bfbbbfb67fa', '8780e608-a4b5-11ee-a87f-8f4eb5a495a1', 'cf63f0b4-a4d3-11ee-b8df-277a1b0551e6', 'c3e062a4-a4d3-11ee-b7a8-d11a520ca2e5', 8, 1, '2023-12-27 18:21:03');
INSERT INTO `lifted_weights` (`id`, `training_id`, `station_id`, `exercise_id`, `repetition_count`, `kilogram_count`, `created_at`) VALUES('efeb7f6e-a4d3-11ee-9d2e-0dd45cb0ac6b', '8780e608-a4b5-11ee-a87f-8f4eb5a495a1', 'cf63f0b4-a4d3-11ee-b8df-277a1b0551e6', 'c3e062a4-a4d3-11ee-b7a8-d11a520ca2e5', 10, 1, '2023-12-27 18:21:06');
INSERT INTO `lifted_weights` (`id`, `training_id`, `station_id`, `exercise_id`, `repetition_count`, `kilogram_count`, `created_at`) VALUES('4e6321aa-a4d4-11ee-9ce4-69848edc4ca3', '8780e608-a4b5-11ee-a87f-8f4eb5a495a1', 'abd90d32-9de4-11ee-8b09-511a5eec1e52', '191c3f68-a4d4-11ee-816e-118f073d938b', 8, 8, '2023-12-27 18:23:45');
INSERT INTO `lifted_weights` (`id`, `training_id`, `station_id`, `exercise_id`, `repetition_count`, `kilogram_count`, `created_at`) VALUES('51ea085c-a4d4-11ee-90b3-b39639fc4a5c', '8780e608-a4b5-11ee-a87f-8f4eb5a495a1', 'abd90d32-9de4-11ee-8b09-511a5eec1e52', '191c3f68-a4d4-11ee-816e-118f073d938b', 11, 8, '2023-12-27 18:23:50');
INSERT INTO `lifted_weights` (`id`, `training_id`, `station_id`, `exercise_id`, `repetition_count`, `kilogram_count`, `created_at`) VALUES('5365a6aa-a4d4-11ee-ae8b-cbd8db692e8e', '8780e608-a4b5-11ee-a87f-8f4eb5a495a1', 'abd90d32-9de4-11ee-8b09-511a5eec1e52', '191c3f68-a4d4-11ee-816e-118f073d938b', 11, 8, '2023-12-27 18:23:53');
INSERT INTO `lifted_weights` (`id`, `training_id`, `station_id`, `exercise_id`, `repetition_count`, `kilogram_count`, `created_at`) VALUES('5614bfc6-a4d4-11ee-ba36-67c99310467a', '8780e608-a4b5-11ee-a87f-8f4eb5a495a1', 'abd90d32-9de4-11ee-8b09-511a5eec1e52', '191c3f68-a4d4-11ee-816e-118f073d938b', 10, 8, '2023-12-27 18:23:57');
INSERT INTO `lifted_weights` (`id`, `training_id`, `station_id`, `exercise_id`, `repetition_count`, `kilogram_count`, `created_at`) VALUES('3741c394-a4d6-11ee-920b-cfa8e7f497cb', '8780e608-a4b5-11ee-a87f-8f4eb5a495a1', '233bd164-a4d6-11ee-90e2-0b5c482d1504', 'bda51fbe-a4d4-11ee-b278-53066c4d9950', 10, 14, '2023-12-27 18:37:25');
INSERT INTO `lifted_weights` (`id`, `training_id`, `station_id`, `exercise_id`, `repetition_count`, `kilogram_count`, `created_at`) VALUES('3a88ae00-a4d6-11ee-8d92-1f4377712c3f', '8780e608-a4b5-11ee-a87f-8f4eb5a495a1', '233bd164-a4d6-11ee-90e2-0b5c482d1504', 'bda51fbe-a4d4-11ee-b278-53066c4d9950', 8, 18, '2023-12-27 18:37:30');
INSERT INTO `lifted_weights` (`id`, `training_id`, `station_id`, `exercise_id`, `repetition_count`, `kilogram_count`, `created_at`) VALUES('3d86484c-a4d6-11ee-98a7-bdbca6b1a2b8', '8780e608-a4b5-11ee-a87f-8f4eb5a495a1', '233bd164-a4d6-11ee-90e2-0b5c482d1504', 'bda51fbe-a4d4-11ee-b278-53066c4d9950', 9, 18, '2023-12-27 18:37:35');
INSERT INTO `lifted_weights` (`id`, `training_id`, `station_id`, `exercise_id`, `repetition_count`, `kilogram_count`, `created_at`) VALUES('40b72df6-a4d6-11ee-8608-753700eadba4', '8780e608-a4b5-11ee-a87f-8f4eb5a495a1', '233bd164-a4d6-11ee-90e2-0b5c482d1504', 'bda51fbe-a4d4-11ee-b278-53066c4d9950', 8, 18, '2023-12-27 18:37:41');
INSERT INTO `lifted_weights` (`id`, `training_id`, `station_id`, `exercise_id`, `repetition_count`, `kilogram_count`, `created_at`) VALUES('5529fbec-a4d6-11ee-8c60-a92cb9bd7bf6', '8780e608-a4b5-11ee-a87f-8f4eb5a495a1', 'abd90d32-9de4-11ee-8b09-511a5eec1e52', '54503228-a4d0-11ee-9da9-77b42c93b1ee', 6, 20, '2023-12-27 18:38:15');
INSERT INTO `lifted_weights` (`id`, `training_id`, `station_id`, `exercise_id`, `repetition_count`, `kilogram_count`, `created_at`) VALUES('57aa354e-a4d6-11ee-9189-afb9b325d3d5', '8780e608-a4b5-11ee-a87f-8f4eb5a495a1', 'abd90d32-9de4-11ee-8b09-511a5eec1e52', '54503228-a4d0-11ee-9da9-77b42c93b1ee', 6, 20, '2023-12-27 18:38:19');
INSERT INTO `lifted_weights` (`id`, `training_id`, `station_id`, `exercise_id`, `repetition_count`, `kilogram_count`, `created_at`) VALUES('593da18e-a4d6-11ee-a6f7-bb856207b0d2', '8780e608-a4b5-11ee-a87f-8f4eb5a495a1', 'abd90d32-9de4-11ee-8b09-511a5eec1e52', '54503228-a4d0-11ee-9da9-77b42c93b1ee', 5, 20, '2023-12-27 18:38:22');
INSERT INTO `lifted_weights` (`id`, `training_id`, `station_id`, `exercise_id`, `repetition_count`, `kilogram_count`, `created_at`) VALUES('c51fbf72-a657-11ee-9579-bdbf7d2877db', '0409d9f2-a63f-11ee-aa18-8ffa21fd9eb0', 'cf63f0b4-a4d3-11ee-b8df-277a1b0551e6', 'c3e062a4-a4d3-11ee-b7a8-d11a520ca2e5', 10, 1, '2023-12-29 18:37:19');
INSERT INTO `lifted_weights` (`id`, `training_id`, `station_id`, `exercise_id`, `repetition_count`, `kilogram_count`, `created_at`) VALUES('352b5916-a658-11ee-96df-1797681f9513', '0409d9f2-a63f-11ee-aa18-8ffa21fd9eb0', 'cf63f0b4-a4d3-11ee-b8df-277a1b0551e6', 'c3e062a4-a4d3-11ee-b7a8-d11a520ca2e5', 10, 1, '2023-12-29 18:40:27');
INSERT INTO `lifted_weights` (`id`, `training_id`, `station_id`, `exercise_id`, `repetition_count`, `kilogram_count`, `created_at`) VALUES('a6caadec-a658-11ee-9a67-2954832490df', '0409d9f2-a63f-11ee-aa18-8ffa21fd9eb0', 'cf63f0b4-a4d3-11ee-b8df-277a1b0551e6', 'c3e062a4-a4d3-11ee-b7a8-d11a520ca2e5', 10, 1, '2023-12-29 18:43:38');
INSERT INTO `lifted_weights` (`id`, `training_id`, `station_id`, `exercise_id`, `repetition_count`, `kilogram_count`, `created_at`) VALUES('24a74da6-a659-11ee-9f99-6f0477399b79', '0409d9f2-a63f-11ee-aa18-8ffa21fd9eb0', 'cf63f0b4-a4d3-11ee-b8df-277a1b0551e6', 'c3e062a4-a4d3-11ee-b7a8-d11a520ca2e5', 10, 1, '2023-12-29 18:47:09');
INSERT INTO `lifted_weights` (`id`, `training_id`, `station_id`, `exercise_id`, `repetition_count`, `kilogram_count`, `created_at`) VALUES('6a42a6ee-a659-11ee-973d-d94dd5cad785', '0409d9f2-a63f-11ee-aa18-8ffa21fd9eb0', 'b31936f8-9b5f-11ee-8fe4-7b7e7fdd861d', '2ca2000e-9b8d-11ee-9cf9-b9775c3921ff', 8, 45, '2023-12-29 18:49:06');
INSERT INTO `lifted_weights` (`id`, `training_id`, `station_id`, `exercise_id`, `repetition_count`, `kilogram_count`, `created_at`) VALUES('c4ceff54-a659-11ee-bc0e-63e7ae03aaed', '0409d9f2-a63f-11ee-aa18-8ffa21fd9eb0', 'b31936f8-9b5f-11ee-8fe4-7b7e7fdd861d', '2ca2000e-9b8d-11ee-9cf9-b9775c3921ff', 8, 45, '2023-12-29 18:51:37');
INSERT INTO `lifted_weights` (`id`, `training_id`, `station_id`, `exercise_id`, `repetition_count`, `kilogram_count`, `created_at`) VALUES('444dd656-a65a-11ee-a983-f184bc44da1b', '0409d9f2-a63f-11ee-aa18-8ffa21fd9eb0', 'b31936f8-9b5f-11ee-8fe4-7b7e7fdd861d', '2ca2000e-9b8d-11ee-9cf9-b9775c3921ff', 8, 45, '2023-12-29 18:55:11');
INSERT INTO `lifted_weights` (`id`, `training_id`, `station_id`, `exercise_id`, `repetition_count`, `kilogram_count`, `created_at`) VALUES('a24b56b6-a65a-11ee-a1fe-2b1aa2de7e11', '0409d9f2-a63f-11ee-aa18-8ffa21fd9eb0', 'b31936f8-9b5f-11ee-8fe4-7b7e7fdd861d', '2ca2000e-9b8d-11ee-9cf9-b9775c3921ff', 6, 45, '2023-12-29 18:57:49');
INSERT INTO `lifted_weights` (`id`, `training_id`, `station_id`, `exercise_id`, `repetition_count`, `kilogram_count`, `created_at`) VALUES('ffba3384-a65b-11ee-a550-c94e452350cf', '0409d9f2-a63f-11ee-aa18-8ffa21fd9eb0', '1ed2bb9e-9ff7-11ee-b157-23d19de5cb14', '92670ffe-9de7-11ee-9022-b762c7da12be', 8, 57, '2023-12-29 19:07:35');
INSERT INTO `lifted_weights` (`id`, `training_id`, `station_id`, `exercise_id`, `repetition_count`, `kilogram_count`, `created_at`) VALUES('99f2cfc0-a65b-11ee-b449-453f89eeffdf', '0409d9f2-a63f-11ee-aa18-8ffa21fd9eb0', '1ed2bb9e-9ff7-11ee-b157-23d19de5cb14', '92670ffe-9de7-11ee-9022-b762c7da12be', 8, 57, '2023-12-29 19:04:45');
INSERT INTO `lifted_weights` (`id`, `training_id`, `station_id`, `exercise_id`, `repetition_count`, `kilogram_count`, `created_at`) VALUES('936067f2-a65c-11ee-8226-a7878133eb02', '0409d9f2-a63f-11ee-aa18-8ffa21fd9eb0', '1ed2bb9e-9ff7-11ee-b157-23d19de5cb14', '92670ffe-9de7-11ee-9022-b762c7da12be', 8, 57, '2023-12-29 19:11:43');
INSERT INTO `lifted_weights` (`id`, `training_id`, `station_id`, `exercise_id`, `repetition_count`, `kilogram_count`, `created_at`) VALUES('11ff0b9a-a65d-11ee-81ee-2d7c90ad9d58', '0409d9f2-a63f-11ee-aa18-8ffa21fd9eb0', '1ed2bb9e-9ff7-11ee-b157-23d19de5cb14', '92670ffe-9de7-11ee-9022-b762c7da12be', 8, 57, '2023-12-29 19:15:15');
INSERT INTO `lifted_weights` (`id`, `training_id`, `station_id`, `exercise_id`, `repetition_count`, `kilogram_count`, `created_at`) VALUES('e786d496-a65d-11ee-b285-a5a12877a257', '0409d9f2-a63f-11ee-aa18-8ffa21fd9eb0', '4997760a-9ec4-11ee-b7b5-cd38ba046b07', '9b8fec9a-a4d1-11ee-bc57-e72730d1cb37', 8, 6, '2023-12-29 19:21:14');
INSERT INTO `lifted_weights` (`id`, `training_id`, `station_id`, `exercise_id`, `repetition_count`, `kilogram_count`, `created_at`) VALUES('4e5b4486-a65e-11ee-96c9-31fd42140627', '0409d9f2-a63f-11ee-aa18-8ffa21fd9eb0', '4997760a-9ec4-11ee-b7b5-cd38ba046b07', '9b8fec9a-a4d1-11ee-bc57-e72730d1cb37', 8, 8, '2023-12-29 19:24:06');
INSERT INTO `lifted_weights` (`id`, `training_id`, `station_id`, `exercise_id`, `repetition_count`, `kilogram_count`, `created_at`) VALUES('a9c106f8-a65e-11ee-9537-1d70d12ad835', '0409d9f2-a63f-11ee-aa18-8ffa21fd9eb0', '4997760a-9ec4-11ee-b7b5-cd38ba046b07', '9b8fec9a-a4d1-11ee-bc57-e72730d1cb37', 8, 8, '2023-12-29 19:26:40');
INSERT INTO `lifted_weights` (`id`, `training_id`, `station_id`, `exercise_id`, `repetition_count`, `kilogram_count`, `created_at`) VALUES('273355d2-a65f-11ee-b4f5-9fb6ffbff221', '0409d9f2-a63f-11ee-aa18-8ffa21fd9eb0', '4997760a-9ec4-11ee-b7b5-cd38ba046b07', '9b8fec9a-a4d1-11ee-bc57-e72730d1cb37', 7, 8, '2023-12-29 19:30:10');
INSERT INTO `lifted_weights` (`id`, `training_id`, `station_id`, `exercise_id`, `repetition_count`, `kilogram_count`, `created_at`) VALUES('aad6b028-a65f-11ee-8e42-a32b63c71b95', '0409d9f2-a63f-11ee-aa18-8ffa21fd9eb0', 'b31936f8-9b5f-11ee-8fe4-7b7e7fdd861d', '2ca2000e-9b8d-11ee-9cf9-b9775c3921ff', 8, 45, '2023-12-29 19:33:51');
INSERT INTO `lifted_weights` (`id`, `training_id`, `station_id`, `exercise_id`, `repetition_count`, `kilogram_count`, `created_at`) VALUES('05c02582-a660-11ee-8d76-d97d80d96b77', '0409d9f2-a63f-11ee-aa18-8ffa21fd9eb0', 'b31936f8-9b5f-11ee-8fe4-7b7e7fdd861d', '2ca2000e-9b8d-11ee-9cf9-b9775c3921ff', 7, 45, '2023-12-29 19:36:23');
INSERT INTO `lifted_weights` (`id`, `training_id`, `station_id`, `exercise_id`, `repetition_count`, `kilogram_count`, `created_at`) VALUES('84f7c760-a660-11ee-a14e-1f92296f4741', '0409d9f2-a63f-11ee-aa18-8ffa21fd9eb0', 'b31936f8-9b5f-11ee-8fe4-7b7e7fdd861d', '2ca2000e-9b8d-11ee-9cf9-b9775c3921ff', 6, 45, '2023-12-29 19:39:57');
INSERT INTO `lifted_weights` (`id`, `training_id`, `station_id`, `exercise_id`, `repetition_count`, `kilogram_count`, `created_at`) VALUES('31d10c80-a661-11ee-ac13-933a3947dd23', '0409d9f2-a63f-11ee-aa18-8ffa21fd9eb0', 'b31936f8-9b5f-11ee-8fe4-7b7e7fdd861d', '2ca2000e-9b8d-11ee-9cf9-b9775c3921ff', 6, 45, '2023-12-29 19:44:47');
INSERT INTO `lifted_weights` (`id`, `training_id`, `station_id`, `exercise_id`, `repetition_count`, `kilogram_count`, `created_at`) VALUES('81530308-a661-11ee-96b5-0f605c0a759a', '0409d9f2-a63f-11ee-aa18-8ffa21fd9eb0', '4997760a-9ec4-11ee-b7b5-cd38ba046b07', 'd60f9604-9de7-11ee-a8b4-77f661ff2acb', 8, 12, '2023-12-29 19:47:00');
INSERT INTO `lifted_weights` (`id`, `training_id`, `station_id`, `exercise_id`, `repetition_count`, `kilogram_count`, `created_at`) VALUES('dbd8fb34-a661-11ee-9de7-edc02184db0e', '0409d9f2-a63f-11ee-aa18-8ffa21fd9eb0', '4997760a-9ec4-11ee-b7b5-cd38ba046b07', 'd60f9604-9de7-11ee-a8b4-77f661ff2acb', 8, 12, '2023-12-29 19:49:32');
INSERT INTO `lifted_weights` (`id`, `training_id`, `station_id`, `exercise_id`, `repetition_count`, `kilogram_count`, `created_at`) VALUES('3bb45ab2-a662-11ee-8528-553470c321ec', '0409d9f2-a63f-11ee-aa18-8ffa21fd9eb0', '4997760a-9ec4-11ee-b7b5-cd38ba046b07', 'd60f9604-9de7-11ee-a8b4-77f661ff2acb', 8, 12, '2023-12-29 19:52:13');
INSERT INTO `lifted_weights` (`id`, `training_id`, `station_id`, `exercise_id`, `repetition_count`, `kilogram_count`, `created_at`) VALUES('d82d6014-a662-11ee-bed7-d1583216ac95', '0409d9f2-a63f-11ee-aa18-8ffa21fd9eb0', '4997760a-9ec4-11ee-b7b5-cd38ba046b07', 'd60f9604-9de7-11ee-a8b4-77f661ff2acb', 8, 12, '2023-12-29 19:56:35');
INSERT INTO `lifted_weights` (`id`, `training_id`, `station_id`, `exercise_id`, `repetition_count`, `kilogram_count`, `created_at`) VALUES('8c403578-aa40-11ee-81e0-41a5db4f6bf6', 'a147eaf6-a41e-11ee-8517-2378a38d9a66', 'b31936f8-9b5f-11ee-8fe4-7b7e7fdd861d', '7952d1ea-9b5f-11ee-8ade-1d9a94065d46', 8, 45, '2024-01-03 18:01:10');
INSERT INTO `lifted_weights` (`id`, `training_id`, `station_id`, `exercise_id`, `repetition_count`, `kilogram_count`, `created_at`) VALUES('d5516b6a-aa40-11ee-b526-2330b8205f9f', 'a147eaf6-a41e-11ee-8517-2378a38d9a66', 'b31936f8-9b5f-11ee-8fe4-7b7e7fdd861d', '7952d1ea-9b5f-11ee-8ade-1d9a94065d46', 8, 45, '2024-01-03 18:03:12');
INSERT INTO `lifted_weights` (`id`, `training_id`, `station_id`, `exercise_id`, `repetition_count`, `kilogram_count`, `created_at`) VALUES('2d06ee20-aa41-11ee-8136-af35a9b1d57c', 'a147eaf6-a41e-11ee-8517-2378a38d9a66', 'b31936f8-9b5f-11ee-8fe4-7b7e7fdd861d', '7952d1ea-9b5f-11ee-8ade-1d9a94065d46', 8, 45, '2024-01-03 18:05:40');
INSERT INTO `lifted_weights` (`id`, `training_id`, `station_id`, `exercise_id`, `repetition_count`, `kilogram_count`, `created_at`) VALUES('be0f899a-aa41-11ee-aff4-a3b15049ac4e', 'a147eaf6-a41e-11ee-8517-2378a38d9a66', 'b31936f8-9b5f-11ee-8fe4-7b7e7fdd861d', '7952d1ea-9b5f-11ee-8ade-1d9a94065d46', 8, 45, '2024-01-03 18:09:43');
INSERT INTO `lifted_weights` (`id`, `training_id`, `station_id`, `exercise_id`, `repetition_count`, `kilogram_count`, `created_at`) VALUES('06ccb3ce-aa42-11ee-9139-397466c05d8c', 'a147eaf6-a41e-11ee-8517-2378a38d9a66', '4997760a-9ec4-11ee-b7b5-cd38ba046b07', 'd60f9604-9de7-11ee-a8b4-77f661ff2acb', 8, 12, '2024-01-03 18:11:45');
INSERT INTO `lifted_weights` (`id`, `training_id`, `station_id`, `exercise_id`, `repetition_count`, `kilogram_count`, `created_at`) VALUES('a0a7b638-aa42-11ee-a6ae-83c65b51dda0', 'a147eaf6-a41e-11ee-8517-2378a38d9a66', '4997760a-9ec4-11ee-b7b5-cd38ba046b07', 'd60f9604-9de7-11ee-a8b4-77f661ff2acb', 8, 12, '2024-01-03 18:16:03');
INSERT INTO `lifted_weights` (`id`, `training_id`, `station_id`, `exercise_id`, `repetition_count`, `kilogram_count`, `created_at`) VALUES('e7f2917a-aa42-11ee-96f2-a1d7a332c2f4', 'a147eaf6-a41e-11ee-8517-2378a38d9a66', '4997760a-9ec4-11ee-b7b5-cd38ba046b07', 'd60f9604-9de7-11ee-a8b4-77f661ff2acb', 8, 12, '2024-01-03 18:18:03');
INSERT INTO `lifted_weights` (`id`, `training_id`, `station_id`, `exercise_id`, `repetition_count`, `kilogram_count`, `created_at`) VALUES('63e0d904-aa43-11ee-8301-c3d0eec5375b', 'a147eaf6-a41e-11ee-8517-2378a38d9a66', '4997760a-9ec4-11ee-b7b5-cd38ba046b07', 'd60f9604-9de7-11ee-a8b4-77f661ff2acb', 8, 12, '2024-01-03 18:21:31');
INSERT INTO `lifted_weights` (`id`, `training_id`, `station_id`, `exercise_id`, `repetition_count`, `kilogram_count`, `created_at`) VALUES('25855ea4-aa44-11ee-8bf5-97568c3419f3', 'a147eaf6-a41e-11ee-8517-2378a38d9a66', '1ed2bb9e-9ff7-11ee-b157-23d19de5cb14', '92670ffe-9de7-11ee-9022-b762c7da12be', 8, 66, '2024-01-03 18:26:55');
INSERT INTO `lifted_weights` (`id`, `training_id`, `station_id`, `exercise_id`, `repetition_count`, `kilogram_count`, `created_at`) VALUES('a86ea028-aa44-11ee-a7d7-37a42bb20652', 'a147eaf6-a41e-11ee-8517-2378a38d9a66', '1ed2bb9e-9ff7-11ee-b157-23d19de5cb14', '92670ffe-9de7-11ee-9022-b762c7da12be', 8, 66, '2024-01-03 18:30:35');
INSERT INTO `lifted_weights` (`id`, `training_id`, `station_id`, `exercise_id`, `repetition_count`, `kilogram_count`, `created_at`) VALUES('15b9e0e8-aa45-11ee-8479-eb4c762758c0', 'a147eaf6-a41e-11ee-8517-2378a38d9a66', '1ed2bb9e-9ff7-11ee-b157-23d19de5cb14', '92670ffe-9de7-11ee-9022-b762c7da12be', 6, 66, '2024-01-03 18:33:38');
INSERT INTO `lifted_weights` (`id`, `training_id`, `station_id`, `exercise_id`, `repetition_count`, `kilogram_count`, `created_at`) VALUES('08901576-aa46-11ee-8a14-edfc0746cab2', 'a147eaf6-a41e-11ee-8517-2378a38d9a66', '1ed2bb9e-9ff7-11ee-b157-23d19de5cb14', '92670ffe-9de7-11ee-9022-b762c7da12be', 8, 66, '2024-01-03 18:40:26');
INSERT INTO `lifted_weights` (`id`, `training_id`, `station_id`, `exercise_id`, `repetition_count`, `kilogram_count`, `created_at`) VALUES('decd0516-aaf7-11ee-85ad-a556044d3a3f', 'a147eaf6-a41e-11ee-8517-2378a38d9a66', 'c4e3c522-aaf7-11ee-b055-5160e55a4275', '9cc87344-aaf7-11ee-998b-7faee6a33217', 5, 20, '2024-01-04 18:53:26');
INSERT INTO `lifted_weights` (`id`, `training_id`, `station_id`, `exercise_id`, `repetition_count`, `kilogram_count`, `created_at`) VALUES('e3829f76-aaf7-11ee-afd6-159c4f071765', 'a147eaf6-a41e-11ee-8517-2378a38d9a66', 'c4e3c522-aaf7-11ee-b055-5160e55a4275', '9cc87344-aaf7-11ee-998b-7faee6a33217', 6, 15, '2024-01-04 18:53:34');
INSERT INTO `lifted_weights` (`id`, `training_id`, `station_id`, `exercise_id`, `repetition_count`, `kilogram_count`, `created_at`) VALUES('e6af307e-aaf7-11ee-8a75-6d863061d2e6', 'a147eaf6-a41e-11ee-8517-2378a38d9a66', 'c4e3c522-aaf7-11ee-b055-5160e55a4275', '9cc87344-aaf7-11ee-998b-7faee6a33217', 4, 15, '2024-01-04 18:53:39');
INSERT INTO `lifted_weights` (`id`, `training_id`, `station_id`, `exercise_id`, `repetition_count`, `kilogram_count`, `created_at`) VALUES('e9125d82-aaf7-11ee-b06a-a539ec56c911', 'a147eaf6-a41e-11ee-8517-2378a38d9a66', 'c4e3c522-aaf7-11ee-b055-5160e55a4275', '9cc87344-aaf7-11ee-998b-7faee6a33217', 5, 15, '2024-01-04 18:53:43');
INSERT INTO `lifted_weights` (`id`, `training_id`, `station_id`, `exercise_id`, `repetition_count`, `kilogram_count`, `created_at`) VALUES('6d1b057a-aaf8-11ee-910b-1db1c6c3ed2b', 'a147eaf6-a41e-11ee-8517-2378a38d9a66', '4da2479e-aaf8-11ee-97f8-3b8b0bc07984', '7952d1ea-9b5f-11ee-8ade-1d9a94065d46', 8, 66, '2024-01-04 18:57:25');
INSERT INTO `lifted_weights` (`id`, `training_id`, `station_id`, `exercise_id`, `repetition_count`, `kilogram_count`, `created_at`) VALUES('71b19158-aaf8-11ee-af6c-41dc9158626b', 'a147eaf6-a41e-11ee-8517-2378a38d9a66', '4da2479e-aaf8-11ee-97f8-3b8b0bc07984', '7952d1ea-9b5f-11ee-8ade-1d9a94065d46', 8, 84, '2024-01-04 18:57:33');
INSERT INTO `lifted_weights` (`id`, `training_id`, `station_id`, `exercise_id`, `repetition_count`, `kilogram_count`, `created_at`) VALUES('76183e04-aaf8-11ee-a3d7-79a78efd6679', 'a147eaf6-a41e-11ee-8517-2378a38d9a66', '4da2479e-aaf8-11ee-97f8-3b8b0bc07984', '7952d1ea-9b5f-11ee-8ade-1d9a94065d46', 8, 93, '2024-01-04 18:57:40');
INSERT INTO `lifted_weights` (`id`, `training_id`, `station_id`, `exercise_id`, `repetition_count`, `kilogram_count`, `created_at`) VALUES('78bf5458-aaf8-11ee-8c67-83b19f5fd0c1', 'a147eaf6-a41e-11ee-8517-2378a38d9a66', '4da2479e-aaf8-11ee-97f8-3b8b0bc07984', '7952d1ea-9b5f-11ee-8ade-1d9a94065d46', 8, 93, '2024-01-04 18:57:44');
INSERT INTO `lifted_weights` (`id`, `training_id`, `station_id`, `exercise_id`, `repetition_count`, `kilogram_count`, `created_at`) VALUES('54064558-aaf9-11ee-8d15-3bd6c7ffc311', 'a147eaf6-a41e-11ee-8517-2378a38d9a66', '3aafa694-aaf9-11ee-bcf3-df73fcdd4f2c', '27c59bce-aaf9-11ee-b3ed-cbb254a0e17e', 8, 57, '2024-01-04 19:03:52');
INSERT INTO `lifted_weights` (`id`, `training_id`, `station_id`, `exercise_id`, `repetition_count`, `kilogram_count`, `created_at`) VALUES('559c5600-aaf9-11ee-9a56-ddd235879476', 'a147eaf6-a41e-11ee-8517-2378a38d9a66', '3aafa694-aaf9-11ee-bcf3-df73fcdd4f2c', '27c59bce-aaf9-11ee-b3ed-cbb254a0e17e', 8, 57, '2024-01-04 19:03:55');
INSERT INTO `lifted_weights` (`id`, `training_id`, `station_id`, `exercise_id`, `repetition_count`, `kilogram_count`, `created_at`) VALUES('597fdc1a-aaf9-11ee-a8aa-2be98ab664b4', 'a147eaf6-a41e-11ee-8517-2378a38d9a66', '3aafa694-aaf9-11ee-bcf3-df73fcdd4f2c', '27c59bce-aaf9-11ee-b3ed-cbb254a0e17e', 8, 66, '2024-01-04 19:04:02');
INSERT INTO `lifted_weights` (`id`, `training_id`, `station_id`, `exercise_id`, `repetition_count`, `kilogram_count`, `created_at`) VALUES('5ab89a0e-aaf9-11ee-9012-afd2b1dbcb82', 'a147eaf6-a41e-11ee-8517-2378a38d9a66', '3aafa694-aaf9-11ee-bcf3-df73fcdd4f2c', '27c59bce-aaf9-11ee-b3ed-cbb254a0e17e', 8, 66, '2024-01-04 19:04:04');
INSERT INTO `lifted_weights` (`id`, `training_id`, `station_id`, `exercise_id`, `repetition_count`, `kilogram_count`, `created_at`) VALUES('d5ff40f0-abbc-11ee-beb6-b1ec04f4ddb7', 'a98638a6-ab50-11ee-b8bc-474b7573e67e', 'abd90d32-9de4-11ee-8b09-511a5eec1e52', '191c3f68-a4d4-11ee-816e-118f073d938b', 8, 10, '2024-01-05 18:23:22');
INSERT INTO `lifted_weights` (`id`, `training_id`, `station_id`, `exercise_id`, `repetition_count`, `kilogram_count`, `created_at`) VALUES('54df5c98-abbd-11ee-b506-93929b94f082', 'a98638a6-ab50-11ee-b8bc-474b7573e67e', 'abd90d32-9de4-11ee-8b09-511a5eec1e52', '191c3f68-a4d4-11ee-816e-118f073d938b', 8, 12, '2024-01-05 18:26:55');
INSERT INTO `lifted_weights` (`id`, `training_id`, `station_id`, `exercise_id`, `repetition_count`, `kilogram_count`, `created_at`) VALUES('ba0f5faa-abbd-11ee-87ec-1d96c19b56f7', 'a98638a6-ab50-11ee-b8bc-474b7573e67e', 'abd90d32-9de4-11ee-8b09-511a5eec1e52', '191c3f68-a4d4-11ee-816e-118f073d938b', 8, 12, '2024-01-05 18:29:45');
INSERT INTO `lifted_weights` (`id`, `training_id`, `station_id`, `exercise_id`, `repetition_count`, `kilogram_count`, `created_at`) VALUES('13c46cb6-abbe-11ee-9d09-53cd290cec13', 'a98638a6-ab50-11ee-b8bc-474b7573e67e', 'abd90d32-9de4-11ee-8b09-511a5eec1e52', '191c3f68-a4d4-11ee-816e-118f073d938b', 8, 12, '2024-01-05 18:32:15');
INSERT INTO `lifted_weights` (`id`, `training_id`, `station_id`, `exercise_id`, `repetition_count`, `kilogram_count`, `created_at`) VALUES('a3b71972-abbe-11ee-8678-0b8810af8e9c', 'a98638a6-ab50-11ee-b8bc-474b7573e67e', 'abd90d32-9de4-11ee-8b09-511a5eec1e52', '54503228-a4d0-11ee-9da9-77b42c93b1ee', 8, 20, '2024-01-05 18:36:17');
INSERT INTO `lifted_weights` (`id`, `training_id`, `station_id`, `exercise_id`, `repetition_count`, `kilogram_count`, `created_at`) VALUES('25fb722a-abbf-11ee-9f05-b9525f048d0e', 'a98638a6-ab50-11ee-b8bc-474b7573e67e', 'abd90d32-9de4-11ee-8b09-511a5eec1e52', '54503228-a4d0-11ee-9da9-77b42c93b1ee', 7, 20, '2024-01-05 18:39:55');
INSERT INTO `lifted_weights` (`id`, `training_id`, `station_id`, `exercise_id`, `repetition_count`, `kilogram_count`, `created_at`) VALUES('fcfa8c48-abbf-11ee-9da8-b532494da3cc', 'a98638a6-ab50-11ee-b8bc-474b7573e67e', 'abd90d32-9de4-11ee-8b09-511a5eec1e52', '54503228-a4d0-11ee-9da9-77b42c93b1ee', 8, 20, '2024-01-05 18:45:56');
INSERT INTO `lifted_weights` (`id`, `training_id`, `station_id`, `exercise_id`, `repetition_count`, `kilogram_count`, `created_at`) VALUES('893a14e4-abc0-11ee-8ad9-b10863d6387f', 'a98638a6-ab50-11ee-b8bc-474b7573e67e', 'abd90d32-9de4-11ee-8b09-511a5eec1e52', '54503228-a4d0-11ee-9da9-77b42c93b1ee', 8, 20, '2024-01-05 18:49:51');
INSERT INTO `lifted_weights` (`id`, `training_id`, `station_id`, `exercise_id`, `repetition_count`, `kilogram_count`, `created_at`) VALUES('30baf3aa-abc1-11ee-8283-8d708fe76eee', 'a98638a6-ab50-11ee-b8bc-474b7573e67e', '9a3e2728-9ffc-11ee-bc3c-3b35ab9531c9', 'e42d7d0e-a4d2-11ee-af45-310ba2895293', 8, 23, '2024-01-05 18:54:32');
INSERT INTO `lifted_weights` (`id`, `training_id`, `station_id`, `exercise_id`, `repetition_count`, `kilogram_count`, `created_at`) VALUES('a9279000-abc1-11ee-ba8f-cdc2a251a9f2', 'a98638a6-ab50-11ee-b8bc-474b7573e67e', '9a3e2728-9ffc-11ee-bc3c-3b35ab9531c9', 'e42d7d0e-a4d2-11ee-af45-310ba2895293', 8, 23, '2024-01-05 18:57:55');
INSERT INTO `lifted_weights` (`id`, `training_id`, `station_id`, `exercise_id`, `repetition_count`, `kilogram_count`, `created_at`) VALUES('5663c7d4-abc2-11ee-ab71-85cb3359235f', 'a98638a6-ab50-11ee-b8bc-474b7573e67e', '9a3e2728-9ffc-11ee-bc3c-3b35ab9531c9', 'e42d7d0e-a4d2-11ee-af45-310ba2895293', 8, 23, '2024-01-05 19:02:45');
INSERT INTO `lifted_weights` (`id`, `training_id`, `station_id`, `exercise_id`, `repetition_count`, `kilogram_count`, `created_at`) VALUES('f8b463ea-abc2-11ee-9e2d-a91a85200aee', 'a98638a6-ab50-11ee-b8bc-474b7573e67e', '9a3e2728-9ffc-11ee-bc3c-3b35ab9531c9', 'e42d7d0e-a4d2-11ee-af45-310ba2895293', 8, 23, '2024-01-05 19:07:17');
INSERT INTO `lifted_weights` (`id`, `training_id`, `station_id`, `exercise_id`, `repetition_count`, `kilogram_count`, `created_at`) VALUES('aab241d4-abc3-11ee-a5f5-914847686185', 'a98638a6-ab50-11ee-b8bc-474b7573e67e', 'b31936f8-9b5f-11ee-8fe4-7b7e7fdd861d', '64efd09e-abc3-11ee-809c-b355424b4c1e', 7, 23, '2024-01-05 19:12:16');
INSERT INTO `lifted_weights` (`id`, `training_id`, `station_id`, `exercise_id`, `repetition_count`, `kilogram_count`, `created_at`) VALUES('f8a988d4-abc3-11ee-8056-91d3ccb0becb', 'a98638a6-ab50-11ee-b8bc-474b7573e67e', 'b31936f8-9b5f-11ee-8fe4-7b7e7fdd861d', '64efd09e-abc3-11ee-809c-b355424b4c1e', 5, 23, '2024-01-05 19:14:27');
INSERT INTO `lifted_weights` (`id`, `training_id`, `station_id`, `exercise_id`, `repetition_count`, `kilogram_count`, `created_at`) VALUES('7d4afbf4-abc4-11ee-b589-2d16cd10f079', 'a98638a6-ab50-11ee-b8bc-474b7573e67e', 'b31936f8-9b5f-11ee-8fe4-7b7e7fdd861d', '64efd09e-abc3-11ee-809c-b355424b4c1e', 5, 23, '2024-01-05 19:18:09');
INSERT INTO `lifted_weights` (`id`, `training_id`, `station_id`, `exercise_id`, `repetition_count`, `kilogram_count`, `created_at`) VALUES('190a1c8c-abc5-11ee-809a-9d08967b25be', 'a98638a6-ab50-11ee-b8bc-474b7573e67e', 'b31936f8-9b5f-11ee-8fe4-7b7e7fdd861d', '64efd09e-abc3-11ee-809c-b355424b4c1e', 4, 23, '2024-01-05 19:22:31');
INSERT INTO `lifted_weights` (`id`, `training_id`, `station_id`, `exercise_id`, `repetition_count`, `kilogram_count`, `created_at`) VALUES('9fe7209c-abc5-11ee-89d1-795a9c3be9b1', 'a98638a6-ab50-11ee-b8bc-474b7573e67e', 'a836f7da-ab03-11ee-8b12-2320709c76db', 'd2002b66-ab50-11ee-a1e1-2f8b46e6095a', 8, 39, '2024-01-05 19:26:17');
INSERT INTO `lifted_weights` (`id`, `training_id`, `station_id`, `exercise_id`, `repetition_count`, `kilogram_count`, `created_at`) VALUES('264aab54-abc6-11ee-b5cf-c793ba79176f', 'a98638a6-ab50-11ee-b8bc-474b7573e67e', 'a836f7da-ab03-11ee-8b12-2320709c76db', 'd2002b66-ab50-11ee-a1e1-2f8b46e6095a', 8, 39, '2024-01-05 19:30:02');
INSERT INTO `lifted_weights` (`id`, `training_id`, `station_id`, `exercise_id`, `repetition_count`, `kilogram_count`, `created_at`) VALUES('a6c7aa5c-abc6-11ee-8504-2d2ac5a0a3a7', 'a98638a6-ab50-11ee-b8bc-474b7573e67e', 'a836f7da-ab03-11ee-8b12-2320709c76db', 'd2002b66-ab50-11ee-a1e1-2f8b46e6095a', 8, 39, '2024-01-05 19:33:38');
INSERT INTO `lifted_weights` (`id`, `training_id`, `station_id`, `exercise_id`, `repetition_count`, `kilogram_count`, `created_at`) VALUES('32f093d6-abc7-11ee-88a5-e5e9418fb527', 'a98638a6-ab50-11ee-b8bc-474b7573e67e', 'a836f7da-ab03-11ee-8b12-2320709c76db', 'd2002b66-ab50-11ee-a1e1-2f8b46e6095a', 8, 39, '2024-01-05 19:37:33');
INSERT INTO `lifted_weights` (`id`, `training_id`, `station_id`, `exercise_id`, `repetition_count`, `kilogram_count`, `created_at`) VALUES('4532cae0-ae2a-11ee-a527-798a1d9fd6c0', 'a729d03e-ad50-11ee-a00b-ed43466cfb63', '3aafa694-aaf9-11ee-bcf3-df73fcdd4f2c', '27c59bce-aaf9-11ee-b3ed-cbb254a0e17e', 8, 66, '2024-01-08 18:31:46');
INSERT INTO `lifted_weights` (`id`, `training_id`, `station_id`, `exercise_id`, `repetition_count`, `kilogram_count`, `created_at`) VALUES('be60734a-ae2a-11ee-ac6e-d146b90ea9e0', 'a729d03e-ad50-11ee-a00b-ed43466cfb63', '3aafa694-aaf9-11ee-bcf3-df73fcdd4f2c', '27c59bce-aaf9-11ee-b3ed-cbb254a0e17e', 8, 66, '2024-01-08 18:35:10');
INSERT INTO `lifted_weights` (`id`, `training_id`, `station_id`, `exercise_id`, `repetition_count`, `kilogram_count`, `created_at`) VALUES('5f9232c6-ae2b-11ee-b1e6-65f1876d65c4', 'a729d03e-ad50-11ee-a00b-ed43466cfb63', '3aafa694-aaf9-11ee-bcf3-df73fcdd4f2c', '27c59bce-aaf9-11ee-b3ed-cbb254a0e17e', 8, 66, '2024-01-08 18:39:40');
INSERT INTO `lifted_weights` (`id`, `training_id`, `station_id`, `exercise_id`, `repetition_count`, `kilogram_count`, `created_at`) VALUES('fbee988a-ae2b-11ee-84cb-635a2721a750', 'a729d03e-ad50-11ee-a00b-ed43466cfb63', '3aafa694-aaf9-11ee-bcf3-df73fcdd4f2c', '27c59bce-aaf9-11ee-b3ed-cbb254a0e17e', 8, 66, '2024-01-08 18:44:02');
INSERT INTO `lifted_weights` (`id`, `training_id`, `station_id`, `exercise_id`, `repetition_count`, `kilogram_count`, `created_at`) VALUES('71d715a4-ae2c-11ee-84d6-719c4308a712', 'a729d03e-ad50-11ee-a00b-ed43466cfb63', '2ccca224-ab04-11ee-b578-eb6019344fbc', '7952d1ea-9b5f-11ee-8ade-1d9a94065d46', 8, 40, '2024-01-08 18:47:20');
INSERT INTO `lifted_weights` (`id`, `training_id`, `station_id`, `exercise_id`, `repetition_count`, `kilogram_count`, `created_at`) VALUES('fcce18a0-ae2d-11ee-9b68-c74f7508e314', 'a729d03e-ad50-11ee-a00b-ed43466cfb63', '2ccca224-ab04-11ee-b578-eb6019344fbc', '7952d1ea-9b5f-11ee-8ade-1d9a94065d46', 8, 40, '2024-01-08 18:58:23');
INSERT INTO `lifted_weights` (`id`, `training_id`, `station_id`, `exercise_id`, `repetition_count`, `kilogram_count`, `created_at`) VALUES('59bcd8ea-ae2d-11ee-9c31-abf576c9bb33', 'a729d03e-ad50-11ee-a00b-ed43466cfb63', '2ccca224-ab04-11ee-b578-eb6019344fbc', '7952d1ea-9b5f-11ee-8ade-1d9a94065d46', 8, 40, '2024-01-08 18:53:49');
INSERT INTO `lifted_weights` (`id`, `training_id`, `station_id`, `exercise_id`, `repetition_count`, `kilogram_count`, `created_at`) VALUES('8164adc2-ae2e-11ee-887a-7b7182b535bf', 'a729d03e-ad50-11ee-a00b-ed43466cfb63', '2ccca224-ab04-11ee-b578-eb6019344fbc', '7952d1ea-9b5f-11ee-8ade-1d9a94065d46', 8, 40, '2024-01-08 19:02:05');
INSERT INTO `lifted_weights` (`id`, `training_id`, `station_id`, `exercise_id`, `repetition_count`, `kilogram_count`, `created_at`) VALUES('c88a0c96-ae2f-11ee-a32c-fb9157c1e0f3', 'a729d03e-ad50-11ee-a00b-ed43466cfb63', 'bce0ef00-ab04-11ee-ae89-47d708fdefcc', '27c59bce-aaf9-11ee-b3ed-cbb254a0e17e', 8, 60, '2024-01-08 19:11:14');
INSERT INTO `lifted_weights` (`id`, `training_id`, `station_id`, `exercise_id`, `repetition_count`, `kilogram_count`, `created_at`) VALUES('03e840a0-ae30-11ee-8e9a-151fe10a0868', 'a729d03e-ad50-11ee-a00b-ed43466cfb63', 'bce0ef00-ab04-11ee-ae89-47d708fdefcc', '27c59bce-aaf9-11ee-b3ed-cbb254a0e17e', 8, 60, '2024-01-08 19:12:54');
INSERT INTO `lifted_weights` (`id`, `training_id`, `station_id`, `exercise_id`, `repetition_count`, `kilogram_count`, `created_at`) VALUES('919a9006-ae30-11ee-8729-b36bcf08fefd', 'a729d03e-ad50-11ee-a00b-ed43466cfb63', 'bce0ef00-ab04-11ee-ae89-47d708fdefcc', '27c59bce-aaf9-11ee-b3ed-cbb254a0e17e', 7, 60, '2024-01-08 19:16:51');
INSERT INTO `lifted_weights` (`id`, `training_id`, `station_id`, `exercise_id`, `repetition_count`, `kilogram_count`, `created_at`) VALUES('3a40d648-ae31-11ee-89c3-311a7566a958', 'a729d03e-ad50-11ee-a00b-ed43466cfb63', 'bce0ef00-ab04-11ee-ae89-47d708fdefcc', '27c59bce-aaf9-11ee-b3ed-cbb254a0e17e', 7, 60, '2024-01-08 19:21:34');
INSERT INTO `lifted_weights` (`id`, `training_id`, `station_id`, `exercise_id`, `repetition_count`, `kilogram_count`, `created_at`) VALUES('125e2f62-ae32-11ee-bcbf-fd45e67c9b63', 'a729d03e-ad50-11ee-a00b-ed43466cfb63', '4997760a-9ec4-11ee-b7b5-cd38ba046b07', 'd60f9604-9de7-11ee-a8b4-77f661ff2acb', 8, 12, '2024-01-08 19:27:37');
INSERT INTO `lifted_weights` (`id`, `training_id`, `station_id`, `exercise_id`, `repetition_count`, `kilogram_count`, `created_at`) VALUES('677d1d28-ae32-11ee-ba17-6986ef992d61', 'a729d03e-ad50-11ee-a00b-ed43466cfb63', '4997760a-9ec4-11ee-b7b5-cd38ba046b07', 'd60f9604-9de7-11ee-a8b4-77f661ff2acb', 8, 12, '2024-01-08 19:30:00');
INSERT INTO `lifted_weights` (`id`, `training_id`, `station_id`, `exercise_id`, `repetition_count`, `kilogram_count`, `created_at`) VALUES('de5f3746-ae32-11ee-80d0-0b1870c48d3f', 'a729d03e-ad50-11ee-a00b-ed43466cfb63', '4997760a-9ec4-11ee-b7b5-cd38ba046b07', 'd60f9604-9de7-11ee-a8b4-77f661ff2acb', 8, 12, '2024-01-08 19:33:19');
INSERT INTO `lifted_weights` (`id`, `training_id`, `station_id`, `exercise_id`, `repetition_count`, `kilogram_count`, `created_at`) VALUES('921ef884-ae33-11ee-876f-5330d2aac3a6', 'a729d03e-ad50-11ee-a00b-ed43466cfb63', '4997760a-9ec4-11ee-b7b5-cd38ba046b07', 'd60f9604-9de7-11ee-a8b4-77f661ff2acb', 8, 12, '2024-01-08 19:38:21');
INSERT INTO `lifted_weights` (`id`, `training_id`, `station_id`, `exercise_id`, `repetition_count`, `kilogram_count`, `created_at`) VALUES('30b227aa-ae34-11ee-ab26-5f156804b7e6', 'a729d03e-ad50-11ee-a00b-ed43466cfb63', '1ed2bb9e-9ff7-11ee-b157-23d19de5cb14', '92670ffe-9de7-11ee-9022-b762c7da12be', 6, 66, '2024-01-08 19:42:47');
INSERT INTO `lifted_weights` (`id`, `training_id`, `station_id`, `exercise_id`, `repetition_count`, `kilogram_count`, `created_at`) VALUES('d9da0e4c-ae34-11ee-ac31-e395faf7229f', 'a729d03e-ad50-11ee-a00b-ed43466cfb63', '1ed2bb9e-9ff7-11ee-b157-23d19de5cb14', '92670ffe-9de7-11ee-9022-b762c7da12be', 8, 66, '2024-01-08 19:47:31');
INSERT INTO `lifted_weights` (`id`, `training_id`, `station_id`, `exercise_id`, `repetition_count`, `kilogram_count`, `created_at`) VALUES('53589d9c-ae35-11ee-9602-c793c2dd38f1', 'a729d03e-ad50-11ee-a00b-ed43466cfb63', '1ed2bb9e-9ff7-11ee-b157-23d19de5cb14', '92670ffe-9de7-11ee-9022-b762c7da12be', 7, 66, '2024-01-08 19:50:54');
INSERT INTO `lifted_weights` (`id`, `training_id`, `station_id`, `exercise_id`, `repetition_count`, `kilogram_count`, `created_at`) VALUES('449a824c-ae36-11ee-a4ed-41c9cd368e84', 'a729d03e-ad50-11ee-a00b-ed43466cfb63', '1ed2bb9e-9ff7-11ee-b157-23d19de5cb14', '92670ffe-9de7-11ee-9022-b762c7da12be', 7, 66, '2024-01-08 19:57:39');
INSERT INTO `lifted_weights` (`id`, `training_id`, `station_id`, `exercise_id`, `repetition_count`, `kilogram_count`, `created_at`) VALUES('54a9195c-af8d-11ee-b038-01671e934dea', '05be4f9c-af29-11ee-b19d-17605245851f', 'abd90d32-9de4-11ee-8b09-511a5eec1e52', '191c3f68-a4d4-11ee-816e-118f073d938b', 8, 12, '2024-01-10 18:53:24');
INSERT INTO `lifted_weights` (`id`, `training_id`, `station_id`, `exercise_id`, `repetition_count`, `kilogram_count`, `created_at`) VALUES('c92fcafa-af8d-11ee-9898-819347b4fd4a', '05be4f9c-af29-11ee-b19d-17605245851f', 'abd90d32-9de4-11ee-8b09-511a5eec1e52', '191c3f68-a4d4-11ee-816e-118f073d938b', 8, 12, '2024-01-10 18:56:39');
INSERT INTO `lifted_weights` (`id`, `training_id`, `station_id`, `exercise_id`, `repetition_count`, `kilogram_count`, `created_at`) VALUES('3ad7455c-af8e-11ee-a7bb-7b73800c1b00', '05be4f9c-af29-11ee-b19d-17605245851f', 'abd90d32-9de4-11ee-8b09-511a5eec1e52', '191c3f68-a4d4-11ee-816e-118f073d938b', 8, 12, '2024-01-10 18:59:50');
INSERT INTO `lifted_weights` (`id`, `training_id`, `station_id`, `exercise_id`, `repetition_count`, `kilogram_count`, `created_at`) VALUES('d96bfb54-af8e-11ee-a04f-bf681f3f897c', '05be4f9c-af29-11ee-b19d-17605245851f', 'abd90d32-9de4-11ee-8b09-511a5eec1e52', '191c3f68-a4d4-11ee-816e-118f073d938b', 8, 12, '2024-01-10 19:04:16');
INSERT INTO `lifted_weights` (`id`, `training_id`, `station_id`, `exercise_id`, `repetition_count`, `kilogram_count`, `created_at`) VALUES('6ed2f6d4-af8f-11ee-afd8-9f2af4b37fdc', '05be4f9c-af29-11ee-b19d-17605245851f', 'abd90d32-9de4-11ee-8b09-511a5eec1e52', '8af11920-9de4-11ee-85da-0bab4c113dcc', 8, 20, '2024-01-10 19:08:26');
INSERT INTO `lifted_weights` (`id`, `training_id`, `station_id`, `exercise_id`, `repetition_count`, `kilogram_count`, `created_at`) VALUES('dde8a5c8-af8f-11ee-9c34-c3ba367bb52f', '05be4f9c-af29-11ee-b19d-17605245851f', 'abd90d32-9de4-11ee-8b09-511a5eec1e52', '8af11920-9de4-11ee-85da-0bab4c113dcc', 8, 20, '2024-01-10 19:11:33');
INSERT INTO `lifted_weights` (`id`, `training_id`, `station_id`, `exercise_id`, `repetition_count`, `kilogram_count`, `created_at`) VALUES('6d5a5d1e-af90-11ee-876f-3d59cc2dda34', '05be4f9c-af29-11ee-b19d-17605245851f', 'abd90d32-9de4-11ee-8b09-511a5eec1e52', '8af11920-9de4-11ee-85da-0bab4c113dcc', 8, 20, '2024-01-10 19:15:33');
INSERT INTO `lifted_weights` (`id`, `training_id`, `station_id`, `exercise_id`, `repetition_count`, `kilogram_count`, `created_at`) VALUES('f79f59b6-af90-11ee-b7d1-ffbb85d95ddd', '05be4f9c-af29-11ee-b19d-17605245851f', 'abd90d32-9de4-11ee-8b09-511a5eec1e52', '8af11920-9de4-11ee-85da-0bab4c113dcc', 8, 20, '2024-01-10 19:19:25');
INSERT INTO `lifted_weights` (`id`, `training_id`, `station_id`, `exercise_id`, `repetition_count`, `kilogram_count`, `created_at`) VALUES('5d7d2a1a-af91-11ee-99f5-ff51faa1bd28', '05be4f9c-af29-11ee-b19d-17605245851f', 'a836f7da-ab03-11ee-8b12-2320709c76db', 'd2002b66-ab50-11ee-a1e1-2f8b46e6095a', 8, 39, '2024-01-10 19:22:16');
INSERT INTO `lifted_weights` (`id`, `training_id`, `station_id`, `exercise_id`, `repetition_count`, `kilogram_count`, `created_at`) VALUES('b6ee6f5a-af91-11ee-a084-4b4484be5227', '05be4f9c-af29-11ee-b19d-17605245851f', 'a836f7da-ab03-11ee-8b12-2320709c76db', 'd2002b66-ab50-11ee-a1e1-2f8b46e6095a', 8, 39, '2024-01-10 19:24:46');
INSERT INTO `lifted_weights` (`id`, `training_id`, `station_id`, `exercise_id`, `repetition_count`, `kilogram_count`, `created_at`) VALUES('0fba7cfa-af92-11ee-81c6-ad5599662661', '05be4f9c-af29-11ee-b19d-17605245851f', 'a836f7da-ab03-11ee-8b12-2320709c76db', 'd2002b66-ab50-11ee-a1e1-2f8b46e6095a', 8, 39, '2024-01-10 19:27:15');
INSERT INTO `lifted_weights` (`id`, `training_id`, `station_id`, `exercise_id`, `repetition_count`, `kilogram_count`, `created_at`) VALUES('67e1152e-af92-11ee-8fda-a7fdcb97090e', '05be4f9c-af29-11ee-b19d-17605245851f', 'a836f7da-ab03-11ee-8b12-2320709c76db', 'd2002b66-ab50-11ee-a1e1-2f8b46e6095a', 8, 39, '2024-01-10 19:29:43');
INSERT INTO `lifted_weights` (`id`, `training_id`, `station_id`, `exercise_id`, `repetition_count`, `kilogram_count`, `created_at`) VALUES('f694934a-af92-11ee-902a-eb5697f77c6c', '05be4f9c-af29-11ee-b19d-17605245851f', 'b31936f8-9b5f-11ee-8fe4-7b7e7fdd861d', 'e42d7d0e-a4d2-11ee-af45-310ba2895293', 8, 27, '2024-01-10 19:33:43');
INSERT INTO `lifted_weights` (`id`, `training_id`, `station_id`, `exercise_id`, `repetition_count`, `kilogram_count`, `created_at`) VALUES('5b74a160-af93-11ee-a9f5-0d1ccea79d55', '05be4f9c-af29-11ee-b19d-17605245851f', 'b31936f8-9b5f-11ee-8fe4-7b7e7fdd861d', 'e42d7d0e-a4d2-11ee-af45-310ba2895293', 8, 27, '2024-01-10 19:36:32');
INSERT INTO `lifted_weights` (`id`, `training_id`, `station_id`, `exercise_id`, `repetition_count`, `kilogram_count`, `created_at`) VALUES('c6000330-af93-11ee-abb1-c1b50dcd8ec7', '05be4f9c-af29-11ee-b19d-17605245851f', 'b31936f8-9b5f-11ee-8fe4-7b7e7fdd861d', 'e42d7d0e-a4d2-11ee-af45-310ba2895293', 8, 27, '2024-01-10 19:39:31');
INSERT INTO `lifted_weights` (`id`, `training_id`, `station_id`, `exercise_id`, `repetition_count`, `kilogram_count`, `created_at`) VALUES('5afb6d62-af94-11ee-872e-bb12b0a60f74', '05be4f9c-af29-11ee-b19d-17605245851f', 'b31936f8-9b5f-11ee-8fe4-7b7e7fdd861d', 'e42d7d0e-a4d2-11ee-af45-310ba2895293', 8, 27, '2024-01-10 19:43:41');
INSERT INTO `lifted_weights` (`id`, `training_id`, `station_id`, `exercise_id`, `repetition_count`, `kilogram_count`, `created_at`) VALUES('b8514766-af94-11ee-b0ca-4d1028b2acbe', '05be4f9c-af29-11ee-b19d-17605245851f', 'b31936f8-9b5f-11ee-8fe4-7b7e7fdd861d', '2ca2000e-9b8d-11ee-9cf9-b9775c3921ff', 8, 45, '2024-01-10 19:46:17');
INSERT INTO `lifted_weights` (`id`, `training_id`, `station_id`, `exercise_id`, `repetition_count`, `kilogram_count`, `created_at`) VALUES('0f2efa2e-af95-11ee-bc68-7fb3b293f607', '05be4f9c-af29-11ee-b19d-17605245851f', 'b31936f8-9b5f-11ee-8fe4-7b7e7fdd861d', '2ca2000e-9b8d-11ee-9cf9-b9775c3921ff', 8, 45, '2024-01-10 19:48:43');
INSERT INTO `lifted_weights` (`id`, `training_id`, `station_id`, `exercise_id`, `repetition_count`, `kilogram_count`, `created_at`) VALUES('67a4b5cc-af95-11ee-8269-01776575f647', '05be4f9c-af29-11ee-b19d-17605245851f', 'b31936f8-9b5f-11ee-8fe4-7b7e7fdd861d', '2ca2000e-9b8d-11ee-9cf9-b9775c3921ff', 7, 45, '2024-01-10 19:51:11');
INSERT INTO `lifted_weights` (`id`, `training_id`, `station_id`, `exercise_id`, `repetition_count`, `kilogram_count`, `created_at`) VALUES('c9078222-af95-11ee-ad29-6513c6afe25d', '05be4f9c-af29-11ee-b19d-17605245851f', 'b31936f8-9b5f-11ee-8fe4-7b7e7fdd861d', '2ca2000e-9b8d-11ee-9cf9-b9775c3921ff', 6, 45, '2024-01-10 19:53:55');
INSERT INTO `lifted_weights` (`id`, `training_id`, `station_id`, `exercise_id`, `repetition_count`, `kilogram_count`, `created_at`) VALUES('37e2f820-af96-11ee-b539-8d01f5084d88', '05be4f9c-af29-11ee-b19d-17605245851f', 'a836f7da-ab03-11ee-8b12-2320709c76db', 'd2002b66-ab50-11ee-a1e1-2f8b46e6095a', 8, 39, '2024-01-10 19:57:01');
INSERT INTO `lifted_weights` (`id`, `training_id`, `station_id`, `exercise_id`, `repetition_count`, `kilogram_count`, `created_at`) VALUES('a95063c6-af96-11ee-85f9-41a710c06cc6', '05be4f9c-af29-11ee-b19d-17605245851f', 'a836f7da-ab03-11ee-8b12-2320709c76db', 'd2002b66-ab50-11ee-a1e1-2f8b46e6095a', 8, 39, '2024-01-10 20:00:11');
INSERT INTO `lifted_weights` (`id`, `training_id`, `station_id`, `exercise_id`, `repetition_count`, `kilogram_count`, `created_at`) VALUES('1388c0a8-af97-11ee-bad9-95748c4e8b59', '05be4f9c-af29-11ee-b19d-17605245851f', 'a836f7da-ab03-11ee-8b12-2320709c76db', 'd2002b66-ab50-11ee-a1e1-2f8b46e6095a', 8, 48, '2024-01-10 20:03:09');
INSERT INTO `lifted_weights` (`id`, `training_id`, `station_id`, `exercise_id`, `repetition_count`, `kilogram_count`, `created_at`) VALUES('9c82449c-af97-11ee-97e3-ede9be79b529', '05be4f9c-af29-11ee-b19d-17605245851f', 'a836f7da-ab03-11ee-8b12-2320709c76db', 'd2002b66-ab50-11ee-a1e1-2f8b46e6095a', 8, 48, '2024-01-10 20:06:59');
INSERT INTO `lifted_weights` (`id`, `training_id`, `station_id`, `exercise_id`, `repetition_count`, `kilogram_count`, `created_at`) VALUES('93ae37ca-b16f-11ee-9729-f10978c1c3a1', '8fe9f6ca-b169-11ee-a37a-77203a1db654', '3aafa694-aaf9-11ee-bcf3-df73fcdd4f2c', '27c59bce-aaf9-11ee-b3ed-cbb254a0e17e', 8, 66, '2024-01-12 18:25:27');
INSERT INTO `lifted_weights` (`id`, `training_id`, `station_id`, `exercise_id`, `repetition_count`, `kilogram_count`, `created_at`) VALUES('155980a4-b170-11ee-ae23-171c1bd229fd', '8fe9f6ca-b169-11ee-a37a-77203a1db654', '3aafa694-aaf9-11ee-bcf3-df73fcdd4f2c', '27c59bce-aaf9-11ee-b3ed-cbb254a0e17e', 8, 66, '2024-01-12 18:29:04');
INSERT INTO `lifted_weights` (`id`, `training_id`, `station_id`, `exercise_id`, `repetition_count`, `kilogram_count`, `created_at`) VALUES('6d601286-b170-11ee-a7f1-859c9acd6035', '8fe9f6ca-b169-11ee-a37a-77203a1db654', '3aafa694-aaf9-11ee-bcf3-df73fcdd4f2c', '27c59bce-aaf9-11ee-b3ed-cbb254a0e17e', 8, 66, '2024-01-12 18:31:32');
INSERT INTO `lifted_weights` (`id`, `training_id`, `station_id`, `exercise_id`, `repetition_count`, `kilogram_count`, `created_at`) VALUES('d427958e-b170-11ee-a9f7-91ff884eec0b', '8fe9f6ca-b169-11ee-a37a-77203a1db654', '3aafa694-aaf9-11ee-bcf3-df73fcdd4f2c', '27c59bce-aaf9-11ee-b3ed-cbb254a0e17e', 8, 66, '2024-01-12 18:34:24');
INSERT INTO `lifted_weights` (`id`, `training_id`, `station_id`, `exercise_id`, `repetition_count`, `kilogram_count`, `created_at`) VALUES('46776ccc-b171-11ee-bcb4-dda25e2b33b0', '8fe9f6ca-b169-11ee-a37a-77203a1db654', '2ccca224-ab04-11ee-b578-eb6019344fbc', '7952d1ea-9b5f-11ee-8ade-1d9a94065d46', 8, 40, '2024-01-12 18:37:36');
INSERT INTO `lifted_weights` (`id`, `training_id`, `station_id`, `exercise_id`, `repetition_count`, `kilogram_count`, `created_at`) VALUES('a638da4c-b171-11ee-94e2-bfef2c384f50', '8fe9f6ca-b169-11ee-a37a-77203a1db654', '2ccca224-ab04-11ee-b578-eb6019344fbc', '7952d1ea-9b5f-11ee-8ade-1d9a94065d46', 8, 45, '2024-01-12 18:40:17');
INSERT INTO `lifted_weights` (`id`, `training_id`, `station_id`, `exercise_id`, `repetition_count`, `kilogram_count`, `created_at`) VALUES('4103a2be-b172-11ee-831c-0f1212413d25', '8fe9f6ca-b169-11ee-a37a-77203a1db654', '2ccca224-ab04-11ee-b578-eb6019344fbc', '7952d1ea-9b5f-11ee-8ade-1d9a94065d46', 8, 50, '2024-01-12 18:44:37');
INSERT INTO `lifted_weights` (`id`, `training_id`, `station_id`, `exercise_id`, `repetition_count`, `kilogram_count`, `created_at`) VALUES('a9a901ba-b172-11ee-8d6d-8356e5f31889', '8fe9f6ca-b169-11ee-a37a-77203a1db654', '2ccca224-ab04-11ee-b578-eb6019344fbc', '7952d1ea-9b5f-11ee-8ade-1d9a94065d46', 8, 50, '2024-01-12 18:47:32');
INSERT INTO `lifted_weights` (`id`, `training_id`, `station_id`, `exercise_id`, `repetition_count`, `kilogram_count`, `created_at`) VALUES('3de75228-b173-11ee-a412-9132b8e7b7a3', '8fe9f6ca-b169-11ee-a37a-77203a1db654', 'bce0ef00-ab04-11ee-ae89-47d708fdefcc', '27c59bce-aaf9-11ee-b3ed-cbb254a0e17e', 8, 60, '2024-01-12 18:51:41');
INSERT INTO `lifted_weights` (`id`, `training_id`, `station_id`, `exercise_id`, `repetition_count`, `kilogram_count`, `created_at`) VALUES('b607ee3e-b173-11ee-800d-5fc5a0b6c996', '8fe9f6ca-b169-11ee-a37a-77203a1db654', 'bce0ef00-ab04-11ee-ae89-47d708fdefcc', '27c59bce-aaf9-11ee-b3ed-cbb254a0e17e', 8, 60, '2024-01-12 18:55:02');
INSERT INTO `lifted_weights` (`id`, `training_id`, `station_id`, `exercise_id`, `repetition_count`, `kilogram_count`, `created_at`) VALUES('355d566a-b174-11ee-b980-ef0276b2ae13', '8fe9f6ca-b169-11ee-a37a-77203a1db654', 'bce0ef00-ab04-11ee-ae89-47d708fdefcc', '27c59bce-aaf9-11ee-b3ed-cbb254a0e17e', 8, 65, '2024-01-12 18:58:36');
INSERT INTO `lifted_weights` (`id`, `training_id`, `station_id`, `exercise_id`, `repetition_count`, `kilogram_count`, `created_at`) VALUES('eb914b44-b174-11ee-92af-394d286b9a05', '8fe9f6ca-b169-11ee-a37a-77203a1db654', 'bce0ef00-ab04-11ee-ae89-47d708fdefcc', '27c59bce-aaf9-11ee-b3ed-cbb254a0e17e', 8, 65, '2024-01-12 20:03:42');
INSERT INTO `lifted_weights` (`id`, `training_id`, `station_id`, `exercise_id`, `repetition_count`, `kilogram_count`, `created_at`) VALUES('12a2732e-b176-11ee-851d-ab80e26c3459', '8fe9f6ca-b169-11ee-a37a-77203a1db654', '1ed2bb9e-9ff7-11ee-b157-23d19de5cb14', '92670ffe-9de7-11ee-9022-b762c7da12be', 8, 66, '2024-01-12 20:11:57');
INSERT INTO `lifted_weights` (`id`, `training_id`, `station_id`, `exercise_id`, `repetition_count`, `kilogram_count`, `created_at`) VALUES('85a0f576-b176-11ee-a095-6fc204cc8b73', '8fe9f6ca-b169-11ee-a37a-77203a1db654', '1ed2bb9e-9ff7-11ee-b157-23d19de5cb14', '92670ffe-9de7-11ee-9022-b762c7da12be', 8, 66, '2024-01-12 20:15:10');
INSERT INTO `lifted_weights` (`id`, `training_id`, `station_id`, `exercise_id`, `repetition_count`, `kilogram_count`, `created_at`) VALUES('25197cf4-b177-11ee-acaf-dfd03c3f5a11', '8fe9f6ca-b169-11ee-a37a-77203a1db654', '1ed2bb9e-9ff7-11ee-b157-23d19de5cb14', '92670ffe-9de7-11ee-9022-b762c7da12be', 8, 66, '2024-01-12 20:19:37');
INSERT INTO `lifted_weights` (`id`, `training_id`, `station_id`, `exercise_id`, `repetition_count`, `kilogram_count`, `created_at`) VALUES('adf2d188-b177-11ee-bcf2-8536e0f49a05', '8fe9f6ca-b169-11ee-a37a-77203a1db654', '1ed2bb9e-9ff7-11ee-b157-23d19de5cb14', '92670ffe-9de7-11ee-9022-b762c7da12be', 8, 66, '2024-01-12 20:23:27');
INSERT INTO `lifted_weights` (`id`, `training_id`, `station_id`, `exercise_id`, `repetition_count`, `kilogram_count`, `created_at`) VALUES('32eef65a-b178-11ee-9672-9d2096fd69a0', '8fe9f6ca-b169-11ee-a37a-77203a1db654', '4997760a-9ec4-11ee-b7b5-cd38ba046b07', 'd60f9604-9de7-11ee-a8b4-77f661ff2acb', 8, 12, '2024-01-12 20:27:10');
INSERT INTO `lifted_weights` (`id`, `training_id`, `station_id`, `exercise_id`, `repetition_count`, `kilogram_count`, `created_at`) VALUES('967820ac-b178-11ee-9772-a73089787056', '8fe9f6ca-b169-11ee-a37a-77203a1db654', '4997760a-9ec4-11ee-b7b5-cd38ba046b07', 'd60f9604-9de7-11ee-a8b4-77f661ff2acb', 8, 12, '2024-01-12 20:29:57');
INSERT INTO `lifted_weights` (`id`, `training_id`, `station_id`, `exercise_id`, `repetition_count`, `kilogram_count`, `created_at`) VALUES('4b4e9a06-b179-11ee-8a23-3bba499c9eb7', '8fe9f6ca-b169-11ee-a37a-77203a1db654', '4997760a-9ec4-11ee-b7b5-cd38ba046b07', 'd60f9604-9de7-11ee-a8b4-77f661ff2acb', 8, 12, '2024-01-12 20:35:00');
INSERT INTO `lifted_weights` (`id`, `training_id`, `station_id`, `exercise_id`, `repetition_count`, `kilogram_count`, `created_at`) VALUES('f5283474-b179-11ee-bff4-2d954ce809bf', '8fe9f6ca-b169-11ee-a37a-77203a1db654', '4997760a-9ec4-11ee-b7b5-cd38ba046b07', 'd60f9604-9de7-11ee-a8b4-77f661ff2acb', 8, 12, '2024-01-12 20:39:45');
INSERT INTO `lifted_weights` (`id`, `training_id`, `station_id`, `exercise_id`, `repetition_count`, `kilogram_count`, `created_at`) VALUES('49f748aa-b17a-11ee-a40b-6105d6936035', '8fe9f6ca-b169-11ee-a37a-77203a1db654', '4997760a-9ec4-11ee-b7b5-cd38ba046b07', 'd60f9604-9de7-11ee-a8b4-77f661ff2acb', 4, 12, '2024-01-12 20:42:08');
INSERT INTO `lifted_weights` (`id`, `training_id`, `station_id`, `exercise_id`, `repetition_count`, `kilogram_count`, `created_at`) VALUES('b12fa490-b17a-11ee-8507-0918645f1d91', '8fe9f6ca-b169-11ee-a37a-77203a1db654', '1ed2bb9e-9ff7-11ee-b157-23d19de5cb14', '92670ffe-9de7-11ee-9022-b762c7da12be', 5, 66, '2024-01-12 20:45:01');
INSERT INTO `lifted_weights` (`id`, `training_id`, `station_id`, `exercise_id`, `repetition_count`, `kilogram_count`, `created_at`) VALUES('4b1062d0-b39b-11ee-8bbc-7f543aad65d0', 'd685ee60-b324-11ee-a164-056dcde31cd2', 'abd90d32-9de4-11ee-8b09-511a5eec1e52', '8af11920-9de4-11ee-85da-0bab4c113dcc', 8, 25, '2024-01-15 18:43:25');
INSERT INTO `lifted_weights` (`id`, `training_id`, `station_id`, `exercise_id`, `repetition_count`, `kilogram_count`, `created_at`) VALUES('ab5bf83e-b39b-11ee-ae47-414a3ea24edf', 'd685ee60-b324-11ee-a164-056dcde31cd2', 'abd90d32-9de4-11ee-8b09-511a5eec1e52', '8af11920-9de4-11ee-85da-0bab4c113dcc', 8, 25, '2024-01-15 18:46:07');
INSERT INTO `lifted_weights` (`id`, `training_id`, `station_id`, `exercise_id`, `repetition_count`, `kilogram_count`, `created_at`) VALUES('654281dc-b39c-11ee-9e0b-7d54103b3973', 'd685ee60-b324-11ee-a164-056dcde31cd2', 'abd90d32-9de4-11ee-8b09-511a5eec1e52', '8af11920-9de4-11ee-85da-0bab4c113dcc', 8, 25, '2024-01-15 18:51:19');
INSERT INTO `lifted_weights` (`id`, `training_id`, `station_id`, `exercise_id`, `repetition_count`, `kilogram_count`, `created_at`) VALUES('19a3788e-b39d-11ee-9acc-53bf59dd5aac', 'd685ee60-b324-11ee-a164-056dcde31cd2', 'abd90d32-9de4-11ee-8b09-511a5eec1e52', '8af11920-9de4-11ee-85da-0bab4c113dcc', 8, 25, '2024-01-15 18:56:21');
INSERT INTO `lifted_weights` (`id`, `training_id`, `station_id`, `exercise_id`, `repetition_count`, `kilogram_count`, `created_at`) VALUES('a700bc3c-b39d-11ee-965a-17e88593ef7c', 'd685ee60-b324-11ee-a164-056dcde31cd2', 'abd90d32-9de4-11ee-8b09-511a5eec1e52', '54503228-a4d0-11ee-9da9-77b42c93b1ee', 8, 20, '2024-01-15 19:00:18');
INSERT INTO `lifted_weights` (`id`, `training_id`, `station_id`, `exercise_id`, `repetition_count`, `kilogram_count`, `created_at`) VALUES('38d732a8-b39e-11ee-a740-5f3cde5a85b2', 'd685ee60-b324-11ee-a164-056dcde31cd2', 'abd90d32-9de4-11ee-8b09-511a5eec1e52', '54503228-a4d0-11ee-9da9-77b42c93b1ee', 8, 20, '2024-01-15 19:04:23');
INSERT INTO `lifted_weights` (`id`, `training_id`, `station_id`, `exercise_id`, `repetition_count`, `kilogram_count`, `created_at`) VALUES('9b16a50c-b39e-11ee-bbe1-c97935bb3067', 'd685ee60-b324-11ee-a164-056dcde31cd2', 'abd90d32-9de4-11ee-8b09-511a5eec1e52', '54503228-a4d0-11ee-9da9-77b42c93b1ee', 8, 20, '2024-01-15 19:07:08');
INSERT INTO `lifted_weights` (`id`, `training_id`, `station_id`, `exercise_id`, `repetition_count`, `kilogram_count`, `created_at`) VALUES('dfac0f8a-b39f-11ee-a724-8fe97fdace5b', 'd685ee60-b324-11ee-a164-056dcde31cd2', 'abd90d32-9de4-11ee-8b09-511a5eec1e52', '54503228-a4d0-11ee-9da9-77b42c93b1ee', 8, 22, '2024-01-15 19:16:12');
INSERT INTO `lifted_weights` (`id`, `training_id`, `station_id`, `exercise_id`, `repetition_count`, `kilogram_count`, `created_at`) VALUES('ab71b2aa-b3a0-11ee-8691-15c6761c02cc', 'd685ee60-b324-11ee-a164-056dcde31cd2', 'abd90d32-9de4-11ee-8b09-511a5eec1e52', '54503228-a4d0-11ee-9da9-77b42c93b1ee', 8, 25, '2024-01-15 19:21:54');
INSERT INTO `lifted_weights` (`id`, `training_id`, `station_id`, `exercise_id`, `repetition_count`, `kilogram_count`, `created_at`) VALUES('38103740-b3a1-11ee-8768-932ffe2e068f', 'd685ee60-b324-11ee-a164-056dcde31cd2', 'abd90d32-9de4-11ee-8b09-511a5eec1e52', '191c3f68-a4d4-11ee-816e-118f073d938b', 8, 12, '2024-01-15 19:25:50');
INSERT INTO `lifted_weights` (`id`, `training_id`, `station_id`, `exercise_id`, `repetition_count`, `kilogram_count`, `created_at`) VALUES('f54ed118-b3a1-11ee-ab22-4d221699269b', 'd685ee60-b324-11ee-a164-056dcde31cd2', 'abd90d32-9de4-11ee-8b09-511a5eec1e52', '191c3f68-a4d4-11ee-816e-118f073d938b', 8, 12, '2024-01-15 19:31:08');
INSERT INTO `lifted_weights` (`id`, `training_id`, `station_id`, `exercise_id`, `repetition_count`, `kilogram_count`, `created_at`) VALUES('c04e97cc-b3a2-11ee-aa32-e7adc6c1bfc4', 'd685ee60-b324-11ee-a164-056dcde31cd2', 'abd90d32-9de4-11ee-8b09-511a5eec1e52', '191c3f68-a4d4-11ee-816e-118f073d938b', 8, 12, '2024-01-15 19:36:48');
INSERT INTO `lifted_weights` (`id`, `training_id`, `station_id`, `exercise_id`, `repetition_count`, `kilogram_count`, `created_at`) VALUES('36f5ede4-b3a3-11ee-9fb9-5f2a1914f3d8', 'd685ee60-b324-11ee-a164-056dcde31cd2', 'abd90d32-9de4-11ee-8b09-511a5eec1e52', '191c3f68-a4d4-11ee-816e-118f073d938b', 8, 12, '2024-01-15 19:40:07');
INSERT INTO `lifted_weights` (`id`, `training_id`, `station_id`, `exercise_id`, `repetition_count`, `kilogram_count`, `created_at`) VALUES('70e0cb64-b3a3-11ee-baec-a1d6032e308b', 'd685ee60-b324-11ee-a164-056dcde31cd2', '1ed2bb9e-9ff7-11ee-b157-23d19de5cb14', '92670ffe-9de7-11ee-9022-b762c7da12be', 8, 66, '2024-01-15 19:41:44');
INSERT INTO `lifted_weights` (`id`, `training_id`, `station_id`, `exercise_id`, `repetition_count`, `kilogram_count`, `created_at`) VALUES('eff35304-b3a3-11ee-a456-1f71c2ba4df3', 'd685ee60-b324-11ee-a164-056dcde31cd2', '1ed2bb9e-9ff7-11ee-b157-23d19de5cb14', '92670ffe-9de7-11ee-9022-b762c7da12be', 8, 66, '2024-01-15 19:45:18');
INSERT INTO `lifted_weights` (`id`, `training_id`, `station_id`, `exercise_id`, `repetition_count`, `kilogram_count`, `created_at`) VALUES('999fbdac-b3a4-11ee-8e63-c7232e7d552d', 'd685ee60-b324-11ee-a164-056dcde31cd2', '1ed2bb9e-9ff7-11ee-b157-23d19de5cb14', '92670ffe-9de7-11ee-9022-b762c7da12be', 8, 75, '2024-01-15 19:50:02');
INSERT INTO `lifted_weights` (`id`, `training_id`, `station_id`, `exercise_id`, `repetition_count`, `kilogram_count`, `created_at`) VALUES('1d785a6c-b3a5-11ee-92c3-3b60d5c4591f', 'd685ee60-b324-11ee-a164-056dcde31cd2', '1ed2bb9e-9ff7-11ee-b157-23d19de5cb14', '92670ffe-9de7-11ee-9022-b762c7da12be', 8, 75, '2024-01-15 19:53:44');
INSERT INTO `lifted_weights` (`id`, `training_id`, `station_id`, `exercise_id`, `repetition_count`, `kilogram_count`, `created_at`) VALUES('84517a34-b3a5-11ee-b176-efd48449aed5', 'd685ee60-b324-11ee-a164-056dcde31cd2', '4997760a-9ec4-11ee-b7b5-cd38ba046b07', 'd60f9604-9de7-11ee-a8b4-77f661ff2acb', 8, 12, '2024-01-15 19:56:36');
INSERT INTO `lifted_weights` (`id`, `training_id`, `station_id`, `exercise_id`, `repetition_count`, `kilogram_count`, `created_at`) VALUES('13b52ab8-b3a6-11ee-aba3-233c0620c555', 'd685ee60-b324-11ee-a164-056dcde31cd2', '4997760a-9ec4-11ee-b7b5-cd38ba046b07', 'd60f9604-9de7-11ee-a8b4-77f661ff2acb', 8, 12, '2024-01-15 20:00:37');
INSERT INTO `lifted_weights` (`id`, `training_id`, `station_id`, `exercise_id`, `repetition_count`, `kilogram_count`, `created_at`) VALUES('7f89787a-b3a6-11ee-954b-e77bcf1123df', 'd685ee60-b324-11ee-a164-056dcde31cd2', '4997760a-9ec4-11ee-b7b5-cd38ba046b07', 'd60f9604-9de7-11ee-a8b4-77f661ff2acb', 8, 12, '2024-01-15 20:03:38');
INSERT INTO `lifted_weights` (`id`, `training_id`, `station_id`, `exercise_id`, `repetition_count`, `kilogram_count`, `created_at`) VALUES('172a59ba-b3a7-11ee-b609-07ab167c83b2', 'd685ee60-b324-11ee-a164-056dcde31cd2', '4997760a-9ec4-11ee-b7b5-cd38ba046b07', 'd60f9604-9de7-11ee-a8b4-77f661ff2acb', 8, 12, '2024-01-15 20:07:52');
INSERT INTO `lifted_weights` (`id`, `training_id`, `station_id`, `exercise_id`, `repetition_count`, `kilogram_count`, `created_at`) VALUES('870dfb06-b3a7-11ee-bcd8-77087ac85178', 'd685ee60-b324-11ee-a164-056dcde31cd2', 'c4e3c522-aaf7-11ee-b055-5160e55a4275', '9cc87344-aaf7-11ee-998b-7faee6a33217', 8, 10, '2024-01-15 20:11:00');
INSERT INTO `lifted_weights` (`id`, `training_id`, `station_id`, `exercise_id`, `repetition_count`, `kilogram_count`, `created_at`) VALUES('e1812e64-b3a7-11ee-8e53-91a8b638daa3', 'd685ee60-b324-11ee-a164-056dcde31cd2', 'c4e3c522-aaf7-11ee-b055-5160e55a4275', '9cc87344-aaf7-11ee-998b-7faee6a33217', 8, 10, '2024-01-15 20:13:31');
INSERT INTO `lifted_weights` (`id`, `training_id`, `station_id`, `exercise_id`, `repetition_count`, `kilogram_count`, `created_at`) VALUES('4ad20906-b3a8-11ee-8f1a-5b99e9acc4e4', 'd685ee60-b324-11ee-a164-056dcde31cd2', 'c4e3c522-aaf7-11ee-b055-5160e55a4275', '9cc87344-aaf7-11ee-998b-7faee6a33217', 8, 10, '2024-01-15 20:16:28');
INSERT INTO `lifted_weights` (`id`, `training_id`, `station_id`, `exercise_id`, `repetition_count`, `kilogram_count`, `created_at`) VALUES('bd0664cc-b3a8-11ee-af40-4d1a8d333685', 'd685ee60-b324-11ee-a164-056dcde31cd2', 'c4e3c522-aaf7-11ee-b055-5160e55a4275', '9cc87344-aaf7-11ee-998b-7faee6a33217', 8, 10, '2024-01-15 20:19:40');

INSERT INTO `stations` (`id`, `name`, `image`) VALUES('b31936f8-9b5f-11ee-8fe4-7b7e7fdd861d', 'Hoist CMJ-6600 Station', 'phpvYygj1-6584a6c33cc67.jpg');
INSERT INTO `stations` (`id`, `name`, `image`) VALUES('abe80dfe-9b8d-11ee-ba01-8f757749c5a1', 'Hoist RS-1302 Pec Fly', 'phpVwJGS9-65842e2d072d7.jpg');
INSERT INTO `stations` (`id`, `name`, `image`) VALUES('abd90d32-9de4-11ee-8b09-511a5eec1e52', 'Ławeczka', 'phplN6D8G-6584a8c847643.jpg');
INSERT INTO `stations` (`id`, `name`, `image`) VALUES('9a3e2728-9ffc-11ee-bc3c-3b35ab9531c9', 'Hoist CMD-6180 Cable Crossover', 'phpwtFdl2-6584a69401afa.jpg');
INSERT INTO `stations` (`id`, `name`, `image`) VALUES('4997760a-9ec4-11ee-b7b5-cd38ba046b07', 'Hantle', 'php9MPR7N-658223b60bc73.jpg');
INSERT INTO `stations` (`id`, `name`, `image`) VALUES('64bb4ae6-9ff6-11ee-afbe-45619fe4d5f9', 'Hoist RPL-5303 Incline Chest Press', 'php5DKu2k-658425458db80.jpg');
INSERT INTO `stations` (`id`, `name`, `image`) VALUES('1ed2bb9e-9ff7-11ee-b157-23d19de5cb14', 'Hoist RS-1102 Biceps Curl', 'php5E6RyS-6584267dc0f3f.jpg');
INSERT INTO `stations` (`id`, `name`, `image`) VALUES('cf63f0b4-a4d3-11ee-b8df-277a1b0551e6', 'Hoist CF-3367 Squat Rack', 'phpxWrBmO-658c4ebbcccfa.jpg');
INSERT INTO `stations` (`id`, `name`, `image`) VALUES('233bd164-a4d6-11ee-90e2-0b5c482d1504', 'Hoist Motioncage', 'phpq8QQOt-658c52a37d333.jpg');
INSERT INTO `stations` (`id`, `name`, `image`) VALUES('c4e3c522-aaf7-11ee-b055-5160e55a4275', 'Modlitewnik', 'phpwYOEFC-65969c0b18be3.jpg');
INSERT INTO `stations` (`id`, `name`, `image`) VALUES('4da2479e-aaf8-11ee-97f8-3b8b0bc07984', 'Hoist RS-1203 Seated Mid Row', 'phpdYSL8Q-65969cf076e1e.jpg');
INSERT INTO `stations` (`id`, `name`, `image`) VALUES('3aafa694-aaf9-11ee-bcf3-df73fcdd4f2c', 'Hoist RS-1201 Lat Pulldown', 'php1rDi5B-65969e7e318ac.jpg');
INSERT INTO `stations` (`id`, `name`, `image`) VALUES('a836f7da-ab03-11ee-8b12-2320709c76db', 'Hoist RS-1101 Seated Dip', 'php9TjHIJ-6596affce3b35.jpg');
INSERT INTO `stations` (`id`, `name`, `image`) VALUES('2ccca224-ab04-11ee-b578-eb6019344fbc', 'Hoist RPL-5203 Mid Row', 'phpMyi6Zz-6596b0db5f1a0.jpg');
INSERT INTO `stations` (`id`, `name`, `image`) VALUES('bce0ef00-ab04-11ee-ae89-47d708fdefcc', 'Hoist RPL-5201 Lat Pulldown', 'phplnUrJd-6596b1cd22f88.jpg');
INSERT INTO `stations` (`id`, `name`, `image`) VALUES('8df3d90e-ab05-11ee-8fe0-3732bbf2c05f', 'Hoist RPL-5301 Chest Press', 'phpPDTMbJ-6596b32bde72e.jpg');
INSERT INTO `stations` (`id`, `name`, `image`) VALUES('cf7d03c8-ab05-11ee-ba64-2f96dbd87009', 'Hoist RPL-5305 Decline Chest Press', 'phpUAN4XQ-6596b399d2773.jpg');

INSERT INTO `tags` (`id`, `owner_id`, `owner`, `tag`) VALUES('e4c914b4-ab1a-11ee-b533-d965b75bfabd', 'e761b03a-9b5e-11ee-a437-05367cd0bed5', 'exercise', 'plecy');
INSERT INTO `tags` (`id`, `owner_id`, `owner`, `tag`) VALUES('eded0604-ab1a-11ee-aa9f-9136b78249f3', '7952d1ea-9b5f-11ee-8ade-1d9a94065d46', 'exercise', 'plecy');
INSERT INTO `tags` (`id`, `owner_id`, `owner`, `tag`) VALUES('b6e2bc38-9ddd-11ee-89dd-3cecef22391a', '29461126-9b64-11ee-a226-fb4b46ba23ba', 'training', 'klata');
INSERT INTO `tags` (`id`, `owner_id`, `owner`, `tag`) VALUES('9cc8fc4c-aaf7-11ee-9fbf-7faee6a33217', '9cc87344-aaf7-11ee-998b-7faee6a33217', 'exercise', 'biceps');
INSERT INTO `tags` (`id`, `owner_id`, `owner`, `tag`) VALUES('b6e2bc63-9ddd-11ee-89dd-3cecef22391a', '29461126-9b64-11ee-a226-fb4b46ba23ba', 'training', 'triceps');
INSERT INTO `tags` (`id`, `owner_id`, `owner`, `tag`) VALUES('b6e2bc71-9ddd-11ee-89dd-3cecef22391a', '3e351e42-9b64-11ee-a81c-4510a52a6dea', 'training', 'plecy');
INSERT INTO `tags` (`id`, `owner_id`, `owner`, `tag`) VALUES('b6e2bc9d-9ddd-11ee-89dd-3cecef22391a', '3e351e42-9b64-11ee-a81c-4510a52a6dea', 'training', 'biceps');
INSERT INTO `tags` (`id`, `owner_id`, `owner`, `tag`) VALUES('dedd4c7c-9ff4-11ee-b6ee-d91f7b3a0004', 'dedc9976-9ff4-11ee-b8e0-d91f7b3a0004', 'training', 'klata');
INSERT INTO `tags` (`id`, `owner_id`, `owner`, `tag`) VALUES('dedd4038-9ff4-11ee-bcf0-d91f7b3a0004', 'dedc9976-9ff4-11ee-b8e0-d91f7b3a0004', 'training', 'plecy');
INSERT INTO `tags` (`id`, `owner_id`, `owner`, `tag`) VALUES('dedd35e8-9ff4-11ee-87ef-d91f7b3a0004', 'dedc9976-9ff4-11ee-b8e0-d91f7b3a0004', 'training', 'triceps');
INSERT INTO `tags` (`id`, `owner_id`, `owner`, `tag`) VALUES('dedd1266-9ff4-11ee-b155-d91f7b3a0004', 'dedc9976-9ff4-11ee-b8e0-d91f7b3a0004', 'training', 'biceps');
INSERT INTO `tags` (`id`, `owner_id`, `owner`, `tag`) VALUES('167f2322-ab1b-11ee-be7b-7fc9bb620588', '216b76b6-9b8d-11ee-a308-83ca01ad40aa', 'exercise', 'klata');
INSERT INTO `tags` (`id`, `owner_id`, `owner`, `tag`) VALUES('ded90910-ab1a-11ee-8d69-f5e933ebab04', '2ca2000e-9b8d-11ee-9cf9-b9775c3921ff', 'exercise', 'triceps');
INSERT INTO `tags` (`id`, `owner_id`, `owner`, `tag`) VALUES('32adc940-ab1b-11ee-a0a7-751a037b5940', '8af11920-9de4-11ee-85da-0bab4c113dcc', 'exercise', 'klata');
INSERT INTO `tags` (`id`, `owner_id`, `owner`, `tag`) VALUES('1cb503d8-ab1b-11ee-baf6-a10d791de841', '92670ffe-9de7-11ee-9022-b762c7da12be', 'exercise', 'biceps');
INSERT INTO `tags` (`id`, `owner_id`, `owner`, `tag`) VALUES('250ca306-ab1b-11ee-aeec-afca52a4b54e', 'a4fa1c60-9de7-11ee-b982-5b815effbe97', 'exercise', 'klata');
INSERT INTO `tags` (`id`, `owner_id`, `owner`, `tag`) VALUES('9ca009a2-abf3-11ee-b786-8b5d63a1c3a4', 'd60f9604-9de7-11ee-a8b4-77f661ff2acb', 'exercise', 'biceps');
INSERT INTO `tags` (`id`, `owner_id`, `owner`, `tag`) VALUES('b8c805a4-9fdb-11ee-a199-1da56c987c3d', 'b8c78214-9fdb-11ee-974a-1da56c987c3d', 'training', 'biceps');
INSERT INTO `tags` (`id`, `owner_id`, `owner`, `tag`) VALUES('b8c82ec6-9fdb-11ee-948f-1da56c987c3d', 'b8c78214-9fdb-11ee-974a-1da56c987c3d', 'training', 'triceps');
INSERT INTO `tags` (`id`, `owner_id`, `owner`, `tag`) VALUES('b8c83b28-9fdb-11ee-be1b-1da56c987c3d', 'b8c78214-9fdb-11ee-974a-1da56c987c3d', 'training', 'plecy');
INSERT INTO `tags` (`id`, `owner_id`, `owner`, `tag`) VALUES('b8c84316-9fdb-11ee-b14f-1da56c987c3d', 'b8c78214-9fdb-11ee-974a-1da56c987c3d', 'training', 'klata');
INSERT INTO `tags` (`id`, `owner_id`, `owner`, `tag`) VALUES('e20039b6-9ff7-11ee-b26f-b74bff27d9e2', 'e1ffd386-9ff7-11ee-890c-b74bff27d9e2', 'training', 'biceps');
INSERT INTO `tags` (`id`, `owner_id`, `owner`, `tag`) VALUES('e2005dba-9ff7-11ee-9445-b74bff27d9e2', 'e1ffd386-9ff7-11ee-890c-b74bff27d9e2', 'training', 'triceps');
INSERT INTO `tags` (`id`, `owner_id`, `owner`, `tag`) VALUES('e2006968-9ff7-11ee-a46c-b74bff27d9e2', 'e1ffd386-9ff7-11ee-890c-b74bff27d9e2', 'training', 'plecy');
INSERT INTO `tags` (`id`, `owner_id`, `owner`, `tag`) VALUES('e200708e-9ff7-11ee-9be0-b74bff27d9e2', 'e1ffd386-9ff7-11ee-890c-b74bff27d9e2', 'training', 'klata');
INSERT INTO `tags` (`id`, `owner_id`, `owner`, `tag`) VALUES('59feff60-9ff8-11ee-81df-ddc386c52e08', '59fe9728-9ff8-11ee-8d9c-ddc386c52e08', 'training', 'biceps');
INSERT INTO `tags` (`id`, `owner_id`, `owner`, `tag`) VALUES('59ff24ae-9ff8-11ee-b161-ddc386c52e08', '59fe9728-9ff8-11ee-8d9c-ddc386c52e08', 'training', 'triceps');
INSERT INTO `tags` (`id`, `owner_id`, `owner`, `tag`) VALUES('59ff31e2-9ff8-11ee-83f7-ddc386c52e08', '59fe9728-9ff8-11ee-8d9c-ddc386c52e08', 'training', 'plecy');
INSERT INTO `tags` (`id`, `owner_id`, `owner`, `tag`) VALUES('59ff38e0-9ff8-11ee-856a-ddc386c52e08', '59fe9728-9ff8-11ee-8d9c-ddc386c52e08', 'training', 'klata');
INSERT INTO `tags` (`id`, `owner_id`, `owner`, `tag`) VALUES('1be3fcc2-9ffc-11ee-926a-051c5534cf89', '1be39584-9ffc-11ee-8ac9-051c5534cf89', 'training', 'biceps');
INSERT INTO `tags` (`id`, `owner_id`, `owner`, `tag`) VALUES('1be426d4-9ffc-11ee-a6e3-051c5534cf89', '1be39584-9ffc-11ee-8ac9-051c5534cf89', 'training', 'triceps');
INSERT INTO `tags` (`id`, `owner_id`, `owner`, `tag`) VALUES('1be43516-9ffc-11ee-841d-051c5534cf89', '1be39584-9ffc-11ee-8ac9-051c5534cf89', 'training', 'plecy');
INSERT INTO `tags` (`id`, `owner_id`, `owner`, `tag`) VALUES('1be442a4-9ffc-11ee-9578-051c5534cf89', '1be39584-9ffc-11ee-8ac9-051c5534cf89', 'training', 'klata');
INSERT INTO `tags` (`id`, `owner_id`, `owner`, `tag`) VALUES('a148e91a-a41e-11ee-a17a-2378a38d9a66', 'a147eaf6-a41e-11ee-8517-2378a38d9a66', 'training', 'plecy');
INSERT INTO `tags` (`id`, `owner_id`, `owner`, `tag`) VALUES('a14904ae-a41e-11ee-95ae-2378a38d9a66', 'a147eaf6-a41e-11ee-8517-2378a38d9a66', 'training', 'biceps');
INSERT INTO `tags` (`id`, `owner_id`, `owner`, `tag`) VALUES('87817992-a4b5-11ee-8b12-8f4eb5a495a1', '8780e608-a4b5-11ee-a87f-8f4eb5a495a1', 'training', 'barki');
INSERT INTO `tags` (`id`, `owner_id`, `owner`, `tag`) VALUES('8781b4e8-a4b5-11ee-b974-8f4eb5a495a1', '8780e608-a4b5-11ee-a87f-8f4eb5a495a1', 'training', 'klata');
INSERT INTO `tags` (`id`, `owner_id`, `owner`, `tag`) VALUES('07fdfc74-ab1b-11ee-a0d3-d3c1146b3568', '54503228-a4d0-11ee-9da9-77b42c93b1ee', 'exercise', 'klata');
INSERT INTO `tags` (`id`, `owner_id`, `owner`, `tag`) VALUES('96f38376-abf3-11ee-9602-cf8b2275deff', '9b8fec9a-a4d1-11ee-bc57-e72730d1cb37', 'exercise', 'barki');
INSERT INTO `tags` (`id`, `owner_id`, `owner`, `tag`) VALUES('a766f8b4-abf3-11ee-ac51-ade1482de4fc', 'e42d7d0e-a4d2-11ee-af45-310ba2895293', 'exercise', 'klata');
INSERT INTO `tags` (`id`, `owner_id`, `owner`, `tag`) VALUES('60ccbf1c-ab1a-11ee-b320-8747a2e3d35f', 'c3e062a4-a4d3-11ee-b7a8-d11a520ca2e5', 'exercise', 'barki');
INSERT INTO `tags` (`id`, `owner_id`, `owner`, `tag`) VALUES('adc5e6ac-abf3-11ee-981b-73cc31d16cc2', '191c3f68-a4d4-11ee-816e-118f073d938b', 'exercise', 'klata');
INSERT INTO `tags` (`id`, `owner_id`, `owner`, `tag`) VALUES('89c920b6-abf3-11ee-bb43-5dc9d48c620b', 'bda51fbe-a4d4-11ee-b278-53066c4d9950', 'exercise', 'barki');
INSERT INTO `tags` (`id`, `owner_id`, `owner`, `tag`) VALUES('040a691c-a63f-11ee-b15b-8ffa21fd9eb0', '0409d9f2-a63f-11ee-aa18-8ffa21fd9eb0', 'training', 'biceps');
INSERT INTO `tags` (`id`, `owner_id`, `owner`, `tag`) VALUES('040aa7a6-a63f-11ee-95f5-8ffa21fd9eb0', '0409d9f2-a63f-11ee-aa18-8ffa21fd9eb0', 'training', 'triceps');
INSERT INTO `tags` (`id`, `owner_id`, `owner`, `tag`) VALUES('040ab0e8-a63f-11ee-8ec2-8ffa21fd9eb0', '0409d9f2-a63f-11ee-aa18-8ffa21fd9eb0', 'training', 'barki');
INSERT INTO `tags` (`id`, `owner_id`, `owner`, `tag`) VALUES('27c624d6-aaf9-11ee-a4cf-cbb254a0e17e', '27c59bce-aaf9-11ee-b3ed-cbb254a0e17e', 'exercise', 'plecy');
INSERT INTO `tags` (`id`, `owner_id`, `owner`, `tag`) VALUES('a986e968-ab50-11ee-abee-474b7573e67e', 'a98638a6-ab50-11ee-b8bc-474b7573e67e', 'training', 'triceps');
INSERT INTO `tags` (`id`, `owner_id`, `owner`, `tag`) VALUES('a9872d06-ab50-11ee-a4f5-474b7573e67e', 'a98638a6-ab50-11ee-b8bc-474b7573e67e', 'training', 'klata');
INSERT INTO `tags` (`id`, `owner_id`, `owner`, `tag`) VALUES('d200b41e-ab50-11ee-9a2e-2f8b46e6095a', 'd2002b66-ab50-11ee-a1e1-2f8b46e6095a', 'exercise', 'triceps');
INSERT INTO `tags` (`id`, `owner_id`, `owner`, `tag`) VALUES('64f06702-abc3-11ee-b604-b355424b4c1e', '64efd09e-abc3-11ee-809c-b355424b4c1e', 'exercise', 'triceps');
INSERT INTO `tags` (`id`, `owner_id`, `owner`, `tag`) VALUES('a72a81f0-ad50-11ee-8007-ed43466cfb63', 'a729d03e-ad50-11ee-a00b-ed43466cfb63', 'training', 'biceps');
INSERT INTO `tags` (`id`, `owner_id`, `owner`, `tag`) VALUES('a72ab97c-ad50-11ee-972f-ed43466cfb63', 'a729d03e-ad50-11ee-a00b-ed43466cfb63', 'training', 'plecy');
INSERT INTO `tags` (`id`, `owner_id`, `owner`, `tag`) VALUES('8362ef9e-af23-11ee-84ce-1377a860dd92', '83621560-af23-11ee-b289-1377a860dd92', 'training', 'plecy');
INSERT INTO `tags` (`id`, `owner_id`, `owner`, `tag`) VALUES('42cd89aa-af26-11ee-94bd-1d920628f523', '42ccfd14-af26-11ee-8287-1d920628f523', 'training', 'plecy');
INSERT INTO `tags` (`id`, `owner_id`, `owner`, `tag`) VALUES('05bedb56-af29-11ee-97e4-17605245851f', '05be4f9c-af29-11ee-b19d-17605245851f', 'training', 'triceps');
INSERT INTO `tags` (`id`, `owner_id`, `owner`, `tag`) VALUES('05befd0c-af29-11ee-8b63-17605245851f', '05be4f9c-af29-11ee-b19d-17605245851f', 'training', 'klata');
INSERT INTO `tags` (`id`, `owner_id`, `owner`, `tag`) VALUES('dd15e0c6-afb1-11ee-9852-ff378fd691ca', 'dd14d794-afb1-11ee-8f4e-ff378fd691ca', 'training', 'klata');
INSERT INTO `tags` (`id`, `owner_id`, `owner`, `tag`) VALUES('a02d79ba-afb3-11ee-9a52-855fc0be2765', 'a02ced9c-afb3-11ee-b8b9-855fc0be2765', 'training', 'klata');
INSERT INTO `tags` (`id`, `owner_id`, `owner`, `tag`) VALUES('5b6fb512-afb4-11ee-bdbb-490b7e6e4bb5', '5b6f27f0-afb4-11ee-8c9e-490b7e6e4bb5', 'training', 'klata');
INSERT INTO `tags` (`id`, `owner_id`, `owner`, `tag`) VALUES('9977efc8-afb4-11ee-9a7f-63c17cf9c234', '9977163e-afb4-11ee-b957-63c17cf9c234', 'training', 'klata');
INSERT INTO `tags` (`id`, `owner_id`, `owner`, `tag`) VALUES('8feae1ac-b169-11ee-a2c6-77203a1db654', '8fe9f6ca-b169-11ee-a37a-77203a1db654', 'training', 'biceps');
INSERT INTO `tags` (`id`, `owner_id`, `owner`, `tag`) VALUES('8feb34e0-b169-11ee-b4fd-77203a1db654', '8fe9f6ca-b169-11ee-a37a-77203a1db654', 'training', 'plecy');
INSERT INTO `tags` (`id`, `owner_id`, `owner`, `tag`) VALUES('d686b6ce-b324-11ee-86ba-056dcde31cd2', 'd685ee60-b324-11ee-a164-056dcde31cd2', 'training', 'biceps');
INSERT INTO `tags` (`id`, `owner_id`, `owner`, `tag`) VALUES('d686f3dc-b324-11ee-b56d-056dcde31cd2', 'd685ee60-b324-11ee-a164-056dcde31cd2', 'training', 'klata');

INSERT INTO `trainings` (`id`, `status`, `training_date`, `training_started`, `training_finished`, `repeated`, `created_at`) VALUES('29461126-9b64-11ee-a226-fb4b46ba23ba', 'done', '2023-12-18 18:00:00', '2023-12-18 18:56:18', '2023-12-18 19:58:31', 1, '2023-12-15 18:08:18');
INSERT INTO `trainings` (`id`, `status`, `training_date`, `training_started`, `training_finished`, `repeated`, `created_at`) VALUES('3e351e42-9b64-11ee-a81c-4510a52a6dea', 'done', '2023-12-20 18:00:00', '2023-12-20 18:56:33', '2023-12-20 19:58:45', 1, '2023-12-15 18:08:53');
INSERT INTO `trainings` (`id`, `status`, `training_date`, `training_started`, `training_finished`, `repeated`, `created_at`) VALUES('dedc9976-9ff4-11ee-b8e0-d91f7b3a0004', 'done', '2023-12-08 18:00:00', '2023-12-08 18:00:31', '2023-12-08 19:10:53', 1, '2023-12-21 18:34:15');
INSERT INTO `trainings` (`id`, `status`, `training_date`, `training_started`, `training_finished`, `repeated`, `created_at`) VALUES('b8c78214-9fdb-11ee-974a-1da56c987c3d', 'done', '2023-12-22 18:00:00', '2023-12-22 18:50:26', '2023-12-22 19:50:48', 1, '2023-12-21 18:34:14');
INSERT INTO `trainings` (`id`, `status`, `training_date`, `training_started`, `training_finished`, `repeated`, `created_at`) VALUES('e1ffd386-9ff7-11ee-890c-b74bff27d9e2', 'done', '2023-12-11 18:00:00', '2023-12-11 18:55:20', '2023-12-11 19:59:07', 1, '2023-12-21 18:55:49');
INSERT INTO `trainings` (`id`, `status`, `training_date`, `training_started`, `training_finished`, `repeated`, `created_at`) VALUES('59fe9728-9ff8-11ee-8d9c-ddc386c52e08', 'done', '2023-12-13 18:00:00', '2023-12-13 18:55:38', '2023-12-13 19:59:16', 1, '2023-12-21 18:59:10');
INSERT INTO `trainings` (`id`, `status`, `training_date`, `training_started`, `training_finished`, `repeated`, `created_at`) VALUES('1be39584-9ffc-11ee-8ac9-051c5534cf89', 'done', '2023-12-15 18:00:00', '2023-12-15 18:55:48', '2023-12-15 19:59:25', 1, '2023-12-21 18:26:04');
INSERT INTO `trainings` (`id`, `status`, `training_date`, `training_started`, `training_finished`, `repeated`, `created_at`) VALUES('a147eaf6-a41e-11ee-8517-2378a38d9a66', 'done', '2024-01-03 18:00:00', '2024-01-03 18:30:00', '2024-01-03 20:01:00', 1, '2023-12-26 19:43:15');
INSERT INTO `trainings` (`id`, `status`, `training_date`, `training_started`, `training_finished`, `repeated`, `created_at`) VALUES('8780e608-a4b5-11ee-a87f-8f4eb5a495a1', 'done', '2023-12-27 18:00:00', '2023-12-27 18:30:00', '2023-12-27 20:30:00', 0, '2023-12-27 22:43:26');
INSERT INTO `trainings` (`id`, `status`, `training_date`, `training_started`, `training_finished`, `repeated`, `created_at`) VALUES('0409d9f2-a63f-11ee-aa18-8ffa21fd9eb0', 'done', '2023-12-29 18:00:00', '2023-12-29 18:30:19', '2023-12-29 19:55:30', 0, '2023-12-29 23:40:07');
INSERT INTO `trainings` (`id`, `status`, `training_date`, `training_started`, `training_finished`, `repeated`, `created_at`) VALUES('a98638a6-ab50-11ee-b8bc-474b7573e67e', 'done', '2024-01-05 18:00:00', '2024-01-05 18:17:03', '2024-01-05 19:37:49', 1, '2024-01-04 23:29:02');
INSERT INTO `trainings` (`id`, `status`, `training_date`, `training_started`, `training_finished`, `repeated`, `created_at`) VALUES('a729d03e-ad50-11ee-a00b-ed43466cfb63', 'done', '2024-01-08 18:00:00', '2024-01-08 18:24:29', '2024-01-08 20:18:12', 1, '2024-01-07 18:34:00');
INSERT INTO `trainings` (`id`, `status`, `training_date`, `training_started`, `training_finished`, `repeated`, `created_at`) VALUES('05be4f9c-af29-11ee-b19d-17605245851f', 'done', '2024-01-10 18:00:00', '2024-01-10 18:47:17', '2024-01-10 20:07:12', 1, '2024-01-09 20:55:21');
INSERT INTO `trainings` (`id`, `status`, `training_date`, `training_started`, `training_finished`, `repeated`, `created_at`) VALUES('8fe9f6ca-b169-11ee-a37a-77203a1db654', 'done', '2024-01-12 18:00:00', '2024-01-12 18:18:28', '2024-01-12 20:45:08', 1, '2024-01-12 22:42:23');
INSERT INTO `trainings` (`id`, `status`, `training_date`, `training_started`, `training_finished`, `repeated`, `created_at`) VALUES('d685ee60-b324-11ee-a164-056dcde31cd2', 'done', '2024-01-15 18:00:00', '2024-01-15 18:36:32', '2024-01-15 20:19:44', 1, '2024-01-14 22:35:29');

INSERT INTO `users` (`id`, `email`, `username`, `roles`, `password`, `is_active`, `created_at`) VALUES('4ef22aa4-b4af-11ee-bc6f-fda85df0af87', 'example@test.com', 'ExampleTest', '[\"ROLE_USER\"]', '$2y$13$V9Zd0PQMsBQbtE0DH2UBk.21S.02.3nSBFIJUIDKIrbK5BaMS45L2', 1, '2024-01-16 21:39:13');

/*!40101 SET CHARACTER_SET_CLIENT=@OLD_CHARACTER_SET_CLIENT */;
/*!40101 SET CHARACTER_SET_RESULTS=@OLD_CHARACTER_SET_RESULTS */;
/*!40101 SET COLLATION_CONNECTION=@OLD_COLLATION_CONNECTION */;
